"","Full.Address","to","n","from","minutes","seconds","miles","row.number"
"1","1 BEACON ST, Somerville, Massachusetts","42.3745088, -71.1014631",1,"515 Somerville Ave, Somerville, MA","4.4","264","0.7910422",1
"2","1 BIKE PATH, Somerville, Massachusetts","42.4278162, -71.0602435",1,"515 Somerville Ave, Somerville, MA","20.65","1239","5.3887808",2
"3","1 EVERETT HIGH SCHOOL, Somerville, Massachusetts","42.3875968, -71.0994968",1,"515 Somerville Ave, Somerville, MA","4.01666666666667","241","0.7152314",3
"4","1 FITCHBURG ST, Somerville, Massachusetts","42.375714, -71.084375",3,"515 Somerville Ave, Somerville, MA","6.95","417","1.2508782",4
"5","1 MCGRATH HWY, Somerville, Massachusetts","42.373924, -71.081502",1,"515 Somerville Ave, Somerville, MA","9.36666666666667","562","1.9381466",5
"6","1 MUTUAL AID - BOSTON, Somerville, Massachusetts","42.3875968, -71.0994968",1,"515 Somerville Ave, Somerville, MA","4.01666666666667","241","0.7152314",6
"7","1 MUTUAL AID - CAMBRIDGE, Somerville, Massachusetts","42.3875968, -71.0994968",12,"515 Somerville Ave, Somerville, MA","4.01666666666667","241","0.7152314",7
"8","1 STICKNEY AVE, Somerville, Massachusetts","42.3888026, -71.0954734",1,"515 Somerville Ave, Somerville, MA","5.86666666666667","352","1.1719604",8
"9","1 VILLAGE TER, Somerville, Massachusetts","42.380706, -71.104941",1,"515 Somerville Ave, Somerville, MA","1.51666666666667","91","0.3193996",9
"10","10 AVON ST, Somerville, Massachusetts","42.3850638, -71.1004692",1,"515 Somerville Ave, Somerville, MA","3.2","192","0.5480748",10
"11","10 BEACON ST, Somerville, Massachusetts","42.3745827, -71.102346",1,"515 Somerville Ave, Somerville, MA","3.7","222","0.7599722",11
"12","10 BOW ST, Somerville, Massachusetts","42.3804857, -71.0968643",2,"515 Somerville Ave, Somerville, MA","2.71666666666667","163","0.5275686",12
"13","10 CALDWELL AVE, Somerville, Massachusetts","42.3779882, -71.1048939",1,"515 Somerville Ave, Somerville, MA","2.58333333333333","155","0.5039554",13
"14","10 DIMICK ST, Somerville, Massachusetts","42.37591, -71.1020496",1,"515 Somerville Ave, Somerville, MA","3.18333333333333","191","0.6456346",14
"15","10 GARFIELD AVE, Somerville, Massachusetts","42.389659, -71.086398",1,"515 Somerville Ave, Somerville, MA","7.86666666666667","472","1.6075618",15
"16","10 KENT CT, Somerville, Massachusetts","42.3828035, -71.1109927",1,"515 Somerville Ave, Somerville, MA","2.61666666666667","157","0.5039554",16
"17","10 LEE ST, Somerville, Massachusetts","42.3902696, -71.0996185",1,"515 Somerville Ave, Somerville, MA","4.9","294","0.9557132",17
"18","10 MOSSLAND ST, Somerville, Massachusetts","42.3876343, -71.11636",1,"515 Somerville Ave, Somerville, MA","3.41666666666667","205","0.6798116",18
"19","10 POPLAR ST, Somerville, Massachusetts","42.377593, -71.087983",1,"515 Somerville Ave, Somerville, MA","7.2","432","1.3913146",19
"20","10 RIVER RD, Somerville, Massachusetts","42.3971298, -71.0929603",1,"515 Somerville Ave, Somerville, MA","8.63333333333333","518","1.7020146",20
"21","10 STANFORD TER, Somerville, Massachusetts","42.3850487, -71.1139041",1,"515 Somerville Ave, Somerville, MA","2.61666666666667","157","0.7040462",21
"22","10 TAUNTON ST, Somerville, Massachusetts","42.3768102, -71.1004554",1,"515 Somerville Ave, Somerville, MA","3.91666666666667","235","0.7637006",22
"23","10 WEBSTER AVE, Somerville, Massachusetts","42.3670154, -71.0924784",1,"515 Somerville Ave, Somerville, MA","7.76666666666667","466","1.516216",23
"24","100 CONCORD AVE, Somerville, Massachusetts","42.3755684, -71.1018077",1,"515 Somerville Ave, Somerville, MA","3.5","210","0.6872684",24
"25","101 ELM ST, Somerville, Massachusetts","42.3897813, -71.11693",1,"515 Somerville Ave, Somerville, MA","3.3","198","0.7724002",25
"26","101 HIGHLAND AVE, Somerville, Massachusetts","42.3873338, -71.0992013",1,"515 Somerville Ave, Somerville, MA","3.46666666666667","208","0.6754618",26
"27","101 LINWOOD ST, Somerville, Massachusetts","42.3794827, -71.0890461",1,"515 Somerville Ave, Somerville, MA","5.78333333333333","347","0.997347",27
"28","101 SCHOOL ST, Somerville, Massachusetts","42.385824, -71.099082",1,"515 Somerville Ave, Somerville, MA","3.91666666666667","235","0.7649434",28
"29","103 BEACON ST, Somerville, Massachusetts","42.3775084, -71.1054023",1,"515 Somerville Ave, Somerville, MA","2.78333333333333","167","0.5201118",29
"30","104 LINE ST, Somerville, Massachusetts","42.375258, -71.103829",1,"515 Somerville Ave, Somerville, MA","5.4","324","1.0340096",30
"31","108 GOVERNOR WINTHROP RD, Somerville, Massachusetts","42.3974674, -71.0891798",1,"515 Somerville Ave, Somerville, MA","8.25","495","1.879735",31
"32","108 HOLTON ST, Somerville, Massachusetts","42.3606496, -71.138534",1,"515 Somerville Ave, Somerville, MA","15.1833333333333","911","2.9802344",32
"33","109 HIGHLAND AVE, Somerville, Massachusetts","42.3872004, -71.0997656",1,"515 Somerville Ave, Somerville, MA","3.36666666666667","202","0.6530914",33
"34","109 PERKINS ST, Somerville, Massachusetts","42.385113, -71.0811033",1,"515 Somerville Ave, Somerville, MA","8.61666666666667","517","1.6230968",34
"35","11 BOW ST, Somerville, Massachusetts","42.3808548, -71.0967096",2,"515 Somerville Ave, Somerville, MA","2.9","174","0.5505604",35
"36","11 GRANDVIEW AVE, Somerville, Massachusetts","42.3850581, -71.0952637",1,"515 Somerville Ave, Somerville, MA","4.1","246","0.8475896",36
"37","11 PUTNAM ST, Somerville, Massachusetts","42.3835245, -71.0985523",2,"515 Somerville Ave, Somerville, MA","2.46666666666667","148","0.5288114",37
"38","11 SANBORN AVE, Somerville, Massachusetts","42.381662, -71.096045",1,"515 Somerville Ave, Somerville, MA","3.71666666666667","223","0.640042",38
"39","110 BARTLETT ST, Somerville, Massachusetts","42.395356, -71.101197",1,"515 Somerville Ave, Somerville, MA","5.53333333333333","332","1.143376",39
"40","110 BEACON ST, Somerville, Massachusetts","42.377521, -71.10587",1,"515 Somerville Ave, Somerville, MA","2.71666666666667","163","0.503334",40
"41","110 LINE ST, Somerville, Massachusetts","42.375092, -71.103636",1,"515 Somerville Ave, Somerville, MA","5.35","321","1.0184746",41
"42","110 WALNUT ST, Somerville, Massachusetts","42.3872473, -71.0934062",1,"515 Somerville Ave, Somerville, MA","5.11666666666667","307","1.0029396",42
"43","113 WASHINGTON ST, Somerville, Massachusetts","42.3813466, -71.0868865",1,"515 Somerville Ave, Somerville, MA","6.05","363","1.1104418",43
"44","114 TEMPLE ST, Somerville, Massachusetts","42.3956935, -71.0900588",1,"515 Somerville Ave, Somerville, MA","7.33333333333333","440","1.58457",44
"45","115 SYCAMORE ST, Somerville, Massachusetts","42.3916682, -71.0988003",1,"515 Somerville Ave, Somerville, MA","4.33333333333333","260","0.8376472",45
"46","117 SUMMER ST, Somerville, Massachusetts","42.385656, -71.1027996",1,"515 Somerville Ave, Somerville, MA","2.5","150","0.4231734",46
"47","119 MIDDLESEX AVE, Somerville, Massachusetts","42.3944439, -71.0824898",2,"515 Somerville Ave, Somerville, MA","10.4833333333333","629","2.3159578",47
"48","119 TEMPLE ST, Somerville, Massachusetts","42.395234, -71.089722",1,"515 Somerville Ave, Somerville, MA","7.36666666666667","442","1.593891",48
"49","12 BELMONT ST, Somerville, Massachusetts","42.3848943, -71.1106333",1,"515 Somerville Ave, Somerville, MA","3.73333333333333","224","0.6816758",49
"50","12 BUCKINGHAM ST, Somerville, Massachusetts","42.376569, -71.10346",1,"515 Somerville Ave, Somerville, MA","3.1","186","0.6133218",50
"51","12 CARLTON ST, Somerville, Massachusetts","42.380757, -71.0995952",1,"515 Somerville Ave, Somerville, MA","1.98333333333333","119","0.3840252",51
"52","12 FOSKETT ST, Somerville, Massachusetts","42.396896, -71.11554",1,"515 Somerville Ave, Somerville, MA","6.03333333333333","362","1.4528332",52
"53","12 HANCOCK ST, Somerville, Massachusetts","42.3903718, -71.1168357",1,"515 Somerville Ave, Somerville, MA","4.45","267","1.1073348",53
"54","12 KILBY ST, Somerville, Massachusetts","42.3805033, -71.0991799",2,"515 Somerville Ave, Somerville, MA","2.01666666666667","121","0.4095026",54
"55","12 LAKE ST, Somerville, Massachusetts","42.3799777, -71.098881",1,"515 Somerville Ave, Somerville, MA","2.68333333333333","161","0.4809636",55
"56","12 MARSHALL ST, Somerville, Massachusetts","42.3919259, -71.0931556",1,"515 Somerville Ave, Somerville, MA","6.93333333333333","416","1.357759",56
"57","12 PARK ST, Somerville, Massachusetts","42.3820281, -71.1068521",1,"515 Somerville Ave, Somerville, MA","0.566666666666667","34","0.1062594",57
"58","12 PARKER PL, Somerville, Massachusetts","42.3869881, -71.1137149",1,"515 Somerville Ave, Somerville, MA","2.51666666666667","151","0.553046",58
"59","12 PARKER ST, Somerville, Massachusetts","42.3788542, -71.0999986",1,"515 Somerville Ave, Somerville, MA","3.11666666666667","187","0.6661408",59
"60","12 PRESCOTT ST, Somerville, Massachusetts","42.384214, -71.099708",1,"515 Somerville Ave, Somerville, MA","2.1","126","0.456729",60
"61","12 TYLER ST, Somerville, Massachusetts","42.3816543, -71.1063031",3,"515 Somerville Ave, Somerville, MA","0.65","39","0.1224158",61
"62","120 BEACON ST, Somerville, Massachusetts","42.3780339, -71.1063818",1,"515 Somerville Ave, Somerville, MA","2.55","153","0.459836",62
"63","120 MIDDLESEX AVE, Somerville, Massachusetts","42.3945465, -71.0838659",1,"515 Somerville Ave, Somerville, MA","9.13333333333333","548","2.1382374",63
"64","123 TEMPLE ST, Somerville, Massachusetts","42.395277, -71.089464",1,"515 Somerville Ave, Somerville, MA","7.41666666666667","445","1.6069404",64
"65","125 JAQUES ST, Somerville, Massachusetts","42.3958311, -71.0947009",4,"515 Somerville Ave, Somerville, MA","6.4","384","1.2962404",65
"66","127 ELM ST, Somerville, Massachusetts","42.3906475, -71.1177536",1,"515 Somerville Ave, Somerville, MA","3.61666666666667","217","0.845104",66
"67","12A KILBY ST, Somerville, Massachusetts","42.3805033, -71.0991799",1,"515 Somerville Ave, Somerville, MA","2.01666666666667","121","0.4095026",67
"68","13 COTTAGE AVE, Somerville, Massachusetts","42.394017, -71.121892",1,"515 Somerville Ave, Somerville, MA","7.21666666666667","433","1.3291746",68
"69","13 HOUGHTON ST, Somerville, Massachusetts","42.3746764, -71.0981115",1,"515 Somerville Ave, Somerville, MA","5.56666666666667","334","1.0886928",69
"70","13 KNOWLTON ST, Somerville, Massachusetts","42.3815106, -71.0871764",1,"515 Somerville Ave, Somerville, MA","6.21666666666667","373","1.112306",70
"71","13 VINAL AVE, Somerville, Massachusetts","42.382709, -71.097752",1,"515 Somerville Ave, Somerville, MA","4.11666666666667","247","0.9780836",71
"72","13 WARREN AVE, Somerville, Massachusetts","42.3807796, -71.0961279",21,"515 Somerville Ave, Somerville, MA","2.85","171","0.5580172",72
"73","130 FOLEY ST, Somerville, Massachusetts","42.3930239, -71.0805304",1,"515 Somerville Ave, Somerville, MA","10.1666666666667","610","2.3899044",73
"74","130 SYCAMORE ST, Somerville, Massachusetts","42.392801, -71.09865",2,"515 Somerville Ave, Somerville, MA","4.86666666666667","292","0.9358284",74
"75","133 HEATH ST, Somerville, Massachusetts","42.396711, -71.09783",1,"515 Somerville Ave, Somerville, MA","5.83333333333333","350","1.214837",75
"76","1366 BROADWAY, Somerville, Massachusetts","42.4061372, -71.1333859",1,"515 Somerville Ave, Somerville, MA","11.8166666666667","709","2.5781886",76
"77","14 BLEACHERY CT, Somerville, Massachusetts","42.3829154, -71.1092183",1,"515 Somerville Ave, Somerville, MA","1.45","87","0.2150044",77
"78","14 BOSTON ST, Somerville, Massachusetts","42.380424, -71.09122",2,"515 Somerville Ave, Somerville, MA","5.56666666666667","334","1.096771",78
"79","14 C STONE AVE, Somerville, Massachusetts","42.380364, -71.095667",1,"515 Somerville Ave, Somerville, MA","5.71666666666667","343","0.9482564",79
"80","14 CARLTON ST, Somerville, Massachusetts","42.3807334, -71.10002",1,"515 Somerville Ave, Somerville, MA","1.98333333333333","119","0.3740828",80
"81","14 LELAND ST, Somerville, Massachusetts","42.3797328, -71.1027119",1,"515 Somerville Ave, Somerville, MA","2.48333333333333","149","0.506441",81
"82","14 MCGRATH HWY, Somerville, Massachusetts","42.374349, -71.0850043",18,"515 Somerville Ave, Somerville, MA","7.75","465","1.4093352",82
"83","146 OXFORD ST, Somerville, Massachusetts","42.3858031, -71.1160316",1,"515 Somerville Ave, Somerville, MA","2.93333333333333","176","0.6735976",83
"84","149 HIGHLAND AVE, Somerville, Massachusetts","42.3885871, -71.1030019",1,"515 Somerville Ave, Somerville, MA","2.48333333333333","149","0.4679142",84
"85","15 BRADLEY ST, Somerville, Massachusetts","42.388433, -71.094089",1,"515 Somerville Ave, Somerville, MA","6.18333333333333","371","1.2620634",85
"86","15 CANAL LN, Somerville, Massachusetts","42.3969516, -71.0939914",1,"515 Somerville Ave, Somerville, MA","9.01666666666667","541","1.7312204",86
"87","15 CHURCH ST, Somerville, Massachusetts","42.3810115, -71.1005887",1,"515 Somerville Ave, Somerville, MA","1.61666666666667","97","0.3280992",87
"88","15 CLEVELAND ST, Somerville, Massachusetts","42.3850197, -71.1067289",1,"515 Somerville Ave, Somerville, MA","1.35","81","0.2063048",88
"89","15 LANDERS ST, Somerville, Massachusetts","42.3835967, -71.1018764",1,"515 Somerville Ave, Somerville, MA","3.16666666666667","190","0.5946798",89
"90","15 MCGRATH HWY, Somerville, Massachusetts","42.3742055, -71.0817266",3,"515 Somerville Ave, Somerville, MA","9.43333333333333","566","1.95741",90
"91","15 MEMORIAL RD, Somerville, Massachusetts","42.3962272, -71.0923136",3,"515 Somerville Ave, Somerville, MA","7.61666666666667","457","1.6069404",91
"92","15 OAK ST, Somerville, Massachusetts","42.376201, -71.097437",1,"515 Somerville Ave, Somerville, MA","4.51666666666667","271","0.8693386",92
"93","15 PITMAN ST, Somerville, Massachusetts","42.3843934, -71.1083784",1,"515 Somerville Ave, Somerville, MA","1.56666666666667","94","0.1795846",93
"94","15 RIVER RD, Somerville, Massachusetts","42.3971891, -71.0929814",1,"515 Somerville Ave, Somerville, MA","8.66666666666667","520","1.705743",94
"95","15 UNION SQ, Somerville, Massachusetts","42.3794495, -71.0960169",2,"515 Somerville Ave, Somerville, MA","3.06666666666667","184","0.5698238",95
"96","15 WARD ST, Somerville, Massachusetts","42.3748143, -71.0892432",1,"515 Somerville Ave, Somerville, MA","6.3","378","1.1756888",96
"97","15 WEBSTER AVE, Somerville, Massachusetts","42.378788, -71.096472",6,"515 Somerville Ave, Somerville, MA","3.21666666666667","193","0.6077292",97
"98","150 CROSS ST, Somerville, Massachusetts","42.3822573, -71.0902216",1,"515 Somerville Ave, Somerville, MA","5.93333333333333","356","1.0955282",98
"99","150 GLEN ST, Somerville, Massachusetts","42.3825979, -71.0867152",3,"515 Somerville Ave, Somerville, MA","6.65","399","1.1645036",99
"100","151 LINWOOD ST, Somerville, Massachusetts","42.3794582, -71.0884809",2,"515 Somerville Ave, Somerville, MA","6.18333333333333","371","1.0166104",100
"101","153 PERKINS ST, Somerville, Massachusetts","42.3856702, -71.083073",1,"515 Somerville Ave, Somerville, MA","8.31666666666667","499","1.6802656",101
"102","155 CENTRAL ST, Somerville, Massachusetts","42.392932, -71.099948",2,"515 Somerville Ave, Somerville, MA","3.86666666666667","232","0.8059558",102
"103","156 SCHOOL ST, Somerville, Massachusetts","42.388016, -71.098223",1,"515 Somerville Ave, Somerville, MA","5.73333333333333","344","1.1502114",103
"104","157 MCGRATH HWY, Somerville, Massachusetts","42.3765813, -71.0871859",1,"515 Somerville Ave, Somerville, MA","10.0666666666667","604","2.2886162",104
"105","157 WASHINGTON ST, Somerville, Massachusetts","42.3803131, -71.0900725",1,"515 Somerville Ave, Somerville, MA","5.4","324","1.0333882",105
"106","159 WASHINGTON ST, Somerville, Massachusetts","42.3801872, -71.090025",1,"515 Somerville Ave, Somerville, MA","6.1","366","1.0178532",106
"107","16 BEACON ST, Somerville, Massachusetts","42.374749, -71.1025605",2,"515 Somerville Ave, Somerville, MA","3.7","222","0.7450586",107
"108","16 CLARK ST, Somerville, Massachusetts","42.3777452, -71.0971002",1,"515 Somerville Ave, Somerville, MA","4.16666666666667","250","0.748787",108
"109","16 LOWELL ST, Somerville, Massachusetts","42.3852384, -71.1116133",1,"515 Somerville Ave, Somerville, MA","1.46666666666667","88","0.3684902",109
"110","16 PUTNAM ST, Somerville, Massachusetts","42.383892, -71.098785",1,"515 Somerville Ave, Somerville, MA","2.51666666666667","151","0.5462106",110
"111","16 WARREN AVE, Somerville, Massachusetts","42.3809725, -71.0961098",1,"515 Somerville Ave, Somerville, MA","2.95","177","0.5698238",111
"112","160 WASHINGTON ST, Somerville, Massachusetts","42.3801796, -71.0887334",1,"515 Somerville Ave, Somerville, MA","6.08333333333333","365","0.9905116",112
"113","161 COLLEGE AVE, Somerville, Massachusetts","42.4025021, -71.1166822",1,"515 Somerville Ave, Somerville, MA","8.11666666666667","487","2.0276282",113
"114","161 WALNUT ST, Somerville, Massachusetts","42.3898199, -71.091489",1,"515 Somerville Ave, Somerville, MA","6.06666666666667","364","1.2048946",114
"115","165 MIDDLESEX AVE, Somerville, Massachusetts","42.3960559, -71.0836002",1,"515 Somerville Ave, Somerville, MA","11.2833333333333","677","2.9789916",115
"116","167 BROADWAY, Somerville, Massachusetts","42.3889391, -71.0859345",1,"515 Somerville Ave, Somerville, MA","8.06666666666667","484","1.6237182",116
"117","17 BOW ST, Somerville, Massachusetts","42.381006, -71.096839",2,"515 Somerville Ave, Somerville, MA","2.98333333333333","179","0.581009",117
"118","17 BOWDOIN ST, Somerville, Massachusetts","42.3787511, -71.101035",1,"515 Somerville Ave, Somerville, MA","2.71666666666667","163","0.6220214",118
"119","17 CENTRAL ST, Somerville, Massachusetts","42.3841507, -71.1063438",1,"515 Somerville Ave, Somerville, MA","0.6","36","0.1168232",119
"120","17 JAQUES ST, Somerville, Massachusetts","42.3928538, -71.0896719",1,"515 Somerville Ave, Somerville, MA","7.91666666666667","475","1.5541214",120
"121","17 LORING ST, Somerville, Massachusetts","42.383239, -71.1035104",1,"515 Somerville Ave, Somerville, MA","0.783333333333333","47","0.1416792",121
"122","175 BEACON ST, Somerville, Massachusetts","42.379791, -71.1076885",3,"515 Somerville Ave, Somerville, MA","1.71666666666667","103","0.3107",122
"123","175 FELLSWAY, Somerville, Massachusetts","42.3954627, -71.0844201",4,"515 Somerville Ave, Somerville, MA","9","540","2.1053032",123
"124","18 ACADIA PK, Somerville, Massachusetts","42.3883263, -71.1172163",1,"515 Somerville Ave, Somerville, MA","3.3","198","0.7431944",124
"125","18 BONAIR ST, Somerville, Massachusetts","42.387796, -71.08785",1,"515 Somerville Ave, Somerville, MA","6.95","417","1.4578044",125
"126","18 CARLTON ST, Somerville, Massachusetts","42.3806041, -71.0999192",1,"515 Somerville Ave, Somerville, MA","1.96666666666667","118","0.3815396",126
"127","18 CHERRY ST, Somerville, Massachusetts","42.390169, -71.116171",1,"515 Somerville Ave, Somerville, MA","4.33333333333333","260","1.0476804",127
"128","18 DAY ST, Somerville, Massachusetts","42.3945633, -71.1248366",1,"515 Somerville Ave, Somerville, MA","7.26666666666667","436","1.3987714",128
"129","18 HOUGHTON ST, Somerville, Massachusetts","42.3745448, -71.0984306",1,"515 Somerville Ave, Somerville, MA","5.48333333333333","329","0.9743552",129
"130","18 PROSPECT HILL AVE, Somerville, Massachusetts","42.381298, -71.0918377",3,"515 Somerville Ave, Somerville, MA","4.35","261","0.8376472",130
"131","180 SOMERVILLE AVE, Somerville, Massachusetts","42.3764299, -71.0904322",8,"515 Somerville Ave, Somerville, MA","5.6","336","0.972491",131
"132","181 SOMERVILLE AVE, Somerville, Massachusetts","42.377621, -71.0895893",1,"515 Somerville Ave, Somerville, MA","5.01666666666667","301","0.9246432",132
"133","181 WASHINGTON ST, Somerville, Massachusetts","42.380092, -71.091109",1,"515 Somerville Ave, Somerville, MA","5.71666666666667","343","1.1203842",133
"134","182 WASHINGTON ST, Somerville, Massachusetts","42.3796678, -71.0903363",2,"515 Somerville Ave, Somerville, MA","5.45","327","1.0402236",134
"135","185 SOMERVILLE AVE, Somerville, Massachusetts","42.3779631, -71.0897419",4,"515 Somerville Ave, Somerville, MA","5.23333333333333","314","0.9706268",135
"136","186 HIGHLAND AVE, Somerville, Massachusetts","42.3885714, -71.1065636",1,"515 Somerville Ave, Somerville, MA","3.08333333333333","185","0.5294328",136
"137","19 CLARK ST, Somerville, Massachusetts","42.3780081, -71.0971456",1,"515 Somerville Ave, Somerville, MA","4.26666666666667","256","0.761215",137
"138","19 DIMICK ST, Somerville, Massachusetts","42.3762943, -71.102058",1,"515 Somerville Ave, Somerville, MA","3.13333333333333","188","0.630721",138
"139","19 PORTER ST, Somerville, Massachusetts","42.387037, -71.112728",1,"515 Somerville Ave, Somerville, MA","2.48333333333333","149","0.5611242",139
"140","19 UPLAND PK, Somerville, Massachusetts","42.3964599, -71.0997675",1,"515 Somerville Ave, Somerville, MA","6.13333333333333","368","1.2539852",140
"141","19 VERNON ST, Somerville, Massachusetts","42.3915248, -71.1023436",1,"515 Somerville Ave, Somerville, MA","3.38333333333333","203","0.7096388",141
"142","190 HIGHLAND AVE, Somerville, Massachusetts","42.3893967, -71.1062039",2,"515 Somerville Ave, Somerville, MA","3.05","183","0.6040008",142
"143","190 WASHINGTON ST, Somerville, Massachusetts","42.379587, -71.090766",1,"515 Somerville Ave, Somerville, MA","5.45","327","1.0383594",143
"144","191 HIGHLAND AVE, Somerville, Massachusetts","42.3896883, -71.1059923",1,"515 Somerville Ave, Somerville, MA","3.05","183","0.6052436",144
"145","191 INNER BELT RD, Somerville, Massachusetts","42.378102, -71.083774",1,"515 Somerville Ave, Somerville, MA","8.96666666666667","538","1.9648668",145
"146","192 CENTRAL ST, Somerville, Massachusetts","42.3946525, -71.0991639",1,"515 Somerville Ave, Somerville, MA","4.31666666666667","259","0.9302358",146
"147","194 CENTRAL ST, Somerville, Massachusetts","42.394789, -71.099312",1,"515 Somerville Ave, Somerville, MA","4.35","261","0.935207",147
"148","2 GARDEN CT, Somerville, Massachusetts","42.3838056, -71.1090481",1,"515 Somerville Ave, Somerville, MA","0.716666666666667","43","0.1690208",148
"149","2 HOLLAND ST, Somerville, Massachusetts","42.3970438, -71.122988",1,"515 Somerville Ave, Somerville, MA","6.88333333333333","413","1.5895412",149
"150","2 PRESCOTT ST, Somerville, Massachusetts","42.3839004, -71.0997746",1,"515 Somerville Ave, Somerville, MA","1.88333333333333","113","0.413231",150
"151","2 UNION SQ, Somerville, Massachusetts","42.37908, -71.09516",1,"515 Somerville Ave, Somerville, MA","3.61666666666667","217","0.671112",151
"152","20 INNER BELT RD, Somerville, Massachusetts","42.3808411, -71.0807394",1,"515 Somerville Ave, Somerville, MA","7.55","453","1.4807962",152
"153","20 MANSFIELD ST, Somerville, Massachusetts","42.3784313, -71.0904518",1,"515 Somerville Ave, Somerville, MA","5.05","303","0.956956",153
"154","20 MEDFORD ST, Somerville, Massachusetts","42.3740188, -71.0883948",1,"515 Somerville Ave, Somerville, MA","6.48333333333333","389","1.2129728",154
"155","200 INNER BELT RD, Somerville, Massachusetts","42.3780001, -71.0845847",1,"515 Somerville Ave, Somerville, MA","8.96666666666667","538","1.9648668",155
"156","201 ELM ST, Somerville, Massachusetts","42.3937682, -71.1204952",1,"515 Somerville Ave, Somerville, MA","4.7","282","1.1073348",156
"157","203 SOMERVILLE AVE, Somerville, Massachusetts","42.3781522, -71.090884",2,"515 Somerville Ave, Somerville, MA","5.46666666666667","328","0.9389354",157
"158","204 WASHINGTON ST, Somerville, Massachusetts","42.379373, -71.091602",2,"515 Somerville Ave, Somerville, MA","4.46666666666667","268","0.820248",158
"159","206 WASHINGTON ST, Somerville, Massachusetts","42.379351, -71.091701",1,"515 Somerville Ave, Somerville, MA","4.41666666666667","265","0.8146554",159
"160","21 CALDWELL AVE, Somerville, Massachusetts","42.3779243, -71.1050491",1,"515 Somerville Ave, Somerville, MA","2.58333333333333","155","0.5058196",160
"161","21 JAQUES ST, Somerville, Massachusetts","42.3930849, -71.0899934",1,"515 Somerville Ave, Somerville, MA","7.91666666666667","475","1.550393",161
"162","21 PERRY ST, Somerville, Massachusetts","42.378539, -71.1016917",1,"515 Somerville Ave, Somerville, MA","2.75","165","0.6015152",162
"163","21 PITMAN ST, Somerville, Massachusetts","42.384277, -71.108576",1,"515 Somerville Ave, Somerville, MA","1.61666666666667","97","0.1857986",163
"164","21 PRESCOTT ST, Somerville, Massachusetts","42.384445, -71.098879",1,"515 Somerville Ave, Somerville, MA","2.2","132","0.4896632",164
"165","21 PUTNAM ST, Somerville, Massachusetts","42.3838212, -71.0982698",1,"515 Somerville Ave, Somerville, MA","2.55","153","0.5536674",165
"166","21 QUINCY ST, Somerville, Massachusetts","42.3826942, -71.1006162",1,"515 Somerville Ave, Somerville, MA","1.55","93","0.3274778",166
"167","212 SCHOOL ST, Somerville, Massachusetts","42.390735, -71.096462",1,"515 Somerville Ave, Somerville, MA","5.66666666666667","340","1.1694748",167
"168","212 SOMERVILLE AVE, Somerville, Massachusetts","42.377798, -71.091187",1,"515 Somerville Ave, Somerville, MA","4.5","270","0.851318",168
"169","215 WASHINGTON ST, Somerville, Massachusetts","42.379691, -71.092339",1,"515 Somerville Ave, Somerville, MA","4.65","279","0.8084414",169
"170","216 MCGRATH HWY, Somerville, Massachusetts","42.3767344, -71.0887457",1,"515 Somerville Ave, Somerville, MA","5.8","348","1.0054252",170
"171","217 SOMERVILLE AVE, Somerville, Massachusetts","42.3782619, -71.0913027",1,"515 Somerville Ave, Somerville, MA","4.43333333333333","266","0.8320546",171
"172","219 PEARL ST, Somerville, Massachusetts","42.3875095, -71.0936054",1,"515 Somerville Ave, Somerville, MA","5.46666666666667","328","1.0383594",172
"173","22 BONNER AVE, Somerville, Massachusetts","42.3805775, -71.0938572",1,"515 Somerville Ave, Somerville, MA","4.15","249","0.7593508",173
"174","22 BOW ST, Somerville, Massachusetts","42.3808455, -71.0973324",1,"515 Somerville Ave, Somerville, MA","2.86666666666667","172","0.5605028",174
"175","22 MCGRATH HWY, Somerville, Massachusetts","42.3741506, -71.086183",2,"515 Somerville Ave, Somerville, MA","6.91666666666667","415","1.3242034",175
"176","220 WASHINGTON ST, Somerville, Massachusetts","42.3789618, -71.0923918",20,"515 Somerville Ave, Somerville, MA","4.58333333333333","275","0.8370258",176
"177","221 PEARL ST, Somerville, Massachusetts","42.3876601, -71.0935484",1,"515 Somerville Ave, Somerville, MA","5.48333333333333","329","1.0402236",177
"178","223 SOMERVILLE AVE, Somerville, Massachusetts","42.3783235, -71.0914647",1,"515 Somerville Ave, Somerville, MA","4.4","264","0.8227336",178
"179","23 BOLTON ST, Somerville, Massachusetts","42.3752714, -71.0981442",1,"515 Somerville Ave, Somerville, MA","5.26666666666667","316","0.9345856",179
"180","23 CLARK ST, Somerville, Massachusetts","42.378212, -71.097109",1,"515 Somerville Ave, Somerville, MA","4.31666666666667","259","0.7680504",180
"181","23 CONCORD AVE, Somerville, Massachusetts","42.3768476, -71.0970094",1,"515 Somerville Ave, Somerville, MA","4.36666666666667","262","0.8165196",181
"182","23 CUMMINGS ST, Somerville, Massachusetts","42.3943169, -71.0847449",2,"515 Somerville Ave, Somerville, MA","10.05","603","2.2053486",182
"183","23 ELM ST, Somerville, Massachusetts","42.3870337, -71.1140677",1,"515 Somerville Ave, Somerville, MA","2.55","153","0.5598814",183
"184","236 HIGHLAND AVE, Somerville, Massachusetts","42.389964, -71.10955",1,"515 Somerville Ave, Somerville, MA","3.88333333333333","233","0.7419516",184
"185","236 SOMERVILLE AVE, Somerville, Massachusetts","42.3783635, -71.0923815",1,"515 Somerville Ave, Somerville, MA","4.21666666666667","253","0.7792356",185
"186","24 HORACE ST, Somerville, Massachusetts","42.3751572, -71.0895193",1,"515 Somerville Ave, Somerville, MA","6.46666666666667","388","1.2005448",186
"187","24 LINCOLN PKWY, Somerville, Massachusetts","42.3777901, -71.098885",1,"515 Somerville Ave, Somerville, MA","4.96666666666667","298","0.86996",187
"188","24 PARK ST, Somerville, Massachusetts","42.3818796, -71.106391",1,"515 Somerville Ave, Somerville, MA","0.566666666666667","34","0.1062594",188
"189","24 STONE AVE, Somerville, Massachusetts","42.380604, -71.095457",1,"515 Somerville Ave, Somerville, MA","5.78333333333333","347","0.9650342",189
"190","240 PEARL ST, Somerville, Massachusetts","42.387618, -71.0950533",5,"515 Somerville Ave, Somerville, MA","6","360","1.2403144",190
"191","242 HIGHLAND AVE, Somerville, Massachusetts","42.3907359, -71.109677",1,"515 Somerville Ave, Somerville, MA","4.41666666666667","265","0.8208694",191
"192","25 BANKS ST, Somerville, Massachusetts","42.391538, -71.11735",1,"515 Somerville Ave, Somerville, MA","4.38333333333333","263","1.1365406",192
"193","25 BEACON ST, Somerville, Massachusetts","42.3754082, -71.1023419",1,"515 Somerville Ave, Somerville, MA","3.65","219","0.7152314",193
"194","25 BOW ST, Somerville, Massachusetts","42.3815421, -71.0972915",2,"515 Somerville Ave, Somerville, MA","3.03333333333333","182","0.5971654",194
"195","25 CANAL LN, Somerville, Massachusetts","42.3968982, -71.0941291",2,"515 Somerville Ave, Somerville, MA","9.03333333333333","542","1.7330846",195
"196","25 CENTURY ST, Somerville, Massachusetts","42.3969369, -71.0969819",1,"515 Somerville Ave, Somerville, MA","6.38333333333333","383","1.2328576",196
"197","25 FLORENCE ST, Somerville, Massachusetts","42.3828296, -71.0829097",1,"515 Somerville Ave, Somerville, MA","8.48333333333333","509","1.7504838",197
"198","25 HIGHLAND AVE, Somerville, Massachusetts","42.385268, -71.093642",19,"515 Somerville Ave, Somerville, MA","4.9","294","1.0135034",198
"199","25 LEWIS ST, Somerville, Massachusetts","42.3776212, -71.1025732",1,"515 Somerville Ave, Somerville, MA","3.5","210","0.6288568",199
"200","25 MAIN ST, Somerville, Massachusetts","42.3957049, -71.0983815",1,"515 Somerville Ave, Somerville, MA","5.38333333333333","323","1.127841",200
"201","25 MEMORIAL RD, Somerville, Massachusetts","42.3961954, -71.0924087",1,"515 Somerville Ave, Somerville, MA","7.63333333333333","458","1.6088046",201
"202","25 SCHOOL ST, Somerville, Massachusetts","42.382829, -71.10119",1,"515 Somerville Ave, Somerville, MA","2.91666666666667","175","0.5741736",202
"203","25 WALNUT ST, Somerville, Massachusetts","42.3820469, -71.0961244",1,"515 Somerville Ave, Somerville, MA","3.26666666666667","196","0.6593054",203
"204","251 WASHINGTON ST, Somerville, Massachusetts","42.3796189, -71.0942978",2,"515 Somerville Ave, Somerville, MA","4.33333333333333","260","0.7369804",204
"205","252 MEDFORD ST, Somerville, Massachusetts","42.3837122, -71.0921561",7,"515 Somerville Ave, Somerville, MA","4.8","288","1.0016968",205
"206","253 WASHINGTON ST, Somerville, Massachusetts","42.379835, -71.0944208",2,"515 Somerville Ave, Somerville, MA","4.81666666666667","289","0.7717788",206
"207","255 BROADWAY, Somerville, Massachusetts","42.3908765, -71.0903835",1,"515 Somerville Ave, Somerville, MA","7.71666666666667","463","1.6237182",207
"208","255 SOMERVILLE AVE, Somerville, Massachusetts","42.378764, -71.0931493",2,"515 Somerville Ave, Somerville, MA","3.98333333333333","239","0.7320092",208
"209","257 BROADWAY, Somerville, Massachusetts","42.391291, -71.090208",1,"515 Somerville Ave, Somerville, MA","6.78333333333333","407","1.308047",209
"210","257 MEDFORD ST, Somerville, Massachusetts","42.3840621, -71.0919779",1,"515 Somerville Ave, Somerville, MA","4.7","282","0.9874046",210
"211","259 BEACON ST, Somerville, Massachusetts","42.3825075, -71.1114066",1,"515 Somerville Ave, Somerville, MA","1.88333333333333","113","0.472264",211
"212","259 LOWELL ST, Somerville, Massachusetts","42.3920535, -71.1054315",2,"515 Somerville Ave, Somerville, MA","4.18333333333333","251","0.9762194",212
"213","259 MCGRATH HWY, Somerville, Massachusetts","42.3784774, -71.0885717",1,"515 Somerville Ave, Somerville, MA","6.38333333333333","383","1.0694294",213
"214","26 BONNER AVE, Somerville, Massachusetts","42.380681, -71.0937311",1,"515 Somerville Ave, Somerville, MA","3.98333333333333","239","0.7444372",214
"215","26 HAWTHORNE ST, Somerville, Massachusetts","42.39386, -71.118329",1,"515 Somerville Ave, Somerville, MA","6.36666666666667","382","1.2968618",215
"216","26 NASHUA ST, Somerville, Massachusetts","42.39469, -71.1057468",1,"515 Somerville Ave, Somerville, MA","6.31666666666667","379","1.3906932",216
"217","26 PRESCOTT ST, Somerville, Massachusetts","42.384724, -71.099358",1,"515 Somerville Ave, Somerville, MA","2.23333333333333","134","0.4958772",217
"218","26 PUTNAM ST, Somerville, Massachusetts","42.384245, -71.098545",1,"515 Somerville Ave, Somerville, MA","2.6","156","0.5698238",218
"219","260 BEACON ST, Somerville, Massachusetts","42.3823116, -71.1119065",1,"515 Somerville Ave, Somerville, MA","2.28333333333333","137","0.4853134",219
"220","260 WASHINGTON ST, Somerville, Massachusetts","42.3795554, -71.0970526",4,"515 Somerville Ave, Somerville, MA","3.08333333333333","185","0.5828732",220
"221","266 BROADWAY, Somerville, Massachusetts","42.390861, -71.0911762",26,"515 Somerville Ave, Somerville, MA","7.28333333333333","437","1.4702324",221
"222","267 WILLOW AVE, Somerville, Massachusetts","42.3994836, -71.1128706",1,"515 Somerville Ave, Somerville, MA","6.7","402","1.631175",222
"223","268 WASHINGTON ST, Somerville, Massachusetts","42.37911, -71.097455",7,"515 Somerville Ave, Somerville, MA","3.18333333333333","191","0.7624578",223
"224","268R POWDER HOUSE BLVD, Somerville, Massachusetts","42.4080167, -71.1306713",1,"515 Somerville Ave, Somerville, MA","10.7833333333333","647","2.8255058",224
"225","27 ADRIAN ST, Somerville, Massachusetts","42.37747, -71.099069",1,"515 Somerville Ave, Somerville, MA","4.91666666666667","295","0.8718242",225
"226","27 FOUNTAIN AVE, Somerville, Massachusetts","42.3831618, -71.0880781",1,"515 Somerville Ave, Somerville, MA","7.33333333333333","440","1.2825696",226
"227","27 HIGHLAND AVE, Somerville, Massachusetts","42.3851542, -71.0941584",1,"515 Somerville Ave, Somerville, MA","3.9","234","0.851318",227
"228","27 HOUGHTON ST, Somerville, Massachusetts","42.3749589, -71.0985601",1,"515 Somerville Ave, Somerville, MA","5.26666666666667","316","1.059487",228
"229","27 KNAPP ST, Somerville, Massachusetts","42.3830732, -71.1028702",1,"515 Somerville Ave, Somerville, MA","1.23333333333333","74","0.18642",229
"230","270 WASHINGTON ST, Somerville, Massachusetts","42.3792437, -71.0979821",8,"515 Somerville Ave, Somerville, MA","2.91666666666667","175","0.7158528",230
"231","275 BEACON ST, Somerville, Massachusetts","42.3835829, -71.111771",1,"515 Somerville Ave, Somerville, MA","2.36666666666667","142","0.5580172",231
"232","277 BROADWAY, Somerville, Massachusetts","42.391835, -71.0912176",1,"515 Somerville Ave, Somerville, MA","7.31666666666667","439","1.4453764",232
"233","28 BEACON ST, Somerville, Massachusetts","42.375024, -71.102897",1,"515 Somerville Ave, Somerville, MA","3.71666666666667","223","0.74568",233
"234","28 FITCHBURG ST, Somerville, Massachusetts","42.3763774, -71.0844011",1,"515 Somerville Ave, Somerville, MA","7.01666666666667","421","1.3788866",234
"235","28 LINCOLN PKWY, Somerville, Massachusetts","42.3776895, -71.099069",1,"515 Somerville Ave, Somerville, MA","5.03333333333333","302","0.879281",235
"236","28 PINCKNEY ST, Somerville, Massachusetts","42.3831616, -71.0824957",1,"515 Somerville Ave, Somerville, MA","8.83333333333333","530","1.764776",236
"237","28 PURITAN RD, Somerville, Massachusetts","42.3963158, -71.086495",1,"515 Somerville Ave, Somerville, MA","9.08333333333333","545","1.817595",237
"238","28 ROSSMORE ST, Somerville, Massachusetts","42.3789695, -71.0913546",1,"515 Somerville Ave, Somerville, MA","5.13333333333333","308","0.879281",238
"239","282 SOMERVILLE AVE, Somerville, Massachusetts","42.3787795, -71.0946128",4,"515 Somerville Ave, Somerville, MA","4.15","249","0.7637006",239
"240","286 BEACON ST, Somerville, Massachusetts","42.3832006, -71.1126846",1,"515 Somerville Ave, Somerville, MA","2.1","126","0.5511818",240
"241","286 BROADWAY, Somerville, Massachusetts","42.3917484, -71.0922988",1,"515 Somerville Ave, Somerville, MA","6.98333333333333","419","1.3863434",241
"242","29 ALLEN ST, Somerville, Massachusetts","42.3775874, -71.0932443",3,"515 Somerville Ave, Somerville, MA","4.9","294","0.8158982",242
"243","29 CLARK ST, Somerville, Massachusetts","42.378326, -71.097317",1,"515 Somerville Ave, Somerville, MA","4.41666666666667","265","0.7817212",243
"244","29 COLUMBUS AVE, Somerville, Massachusetts","42.380852, -71.093413",1,"515 Somerville Ave, Somerville, MA","4","240","0.7469228",244
"245","29 HARDING ST, Somerville, Massachusetts","42.3752069, -71.0902796",3,"515 Somerville Ave, Somerville, MA","6.65","399","1.2309934",245
"246","290 WASHINGTON ST, Somerville, Massachusetts","42.3792598, -71.0988921",7,"515 Somerville Ave, Somerville, MA","2.78333333333333","167","0.6698692",246
"247","294 MCGRATH HWY, Somerville, Massachusetts","42.378804, -71.0897591",1,"515 Somerville Ave, Somerville, MA","5.6","336","0.9929972",247
"248","299 BROADWAY, Somerville, Massachusetts","42.3930142, -71.0925858",2,"515 Somerville Ave, Somerville, MA","6.9","414","1.354652",248
"249","3 BECKWITH CIR, Somerville, Massachusetts","42.382206, -71.1117778",1,"515 Somerville Ave, Somerville, MA","2.28333333333333","137","0.4853134",249
"250","3 HAWKINS ST, Somerville, Massachusetts","42.3802143, -71.0982372",1,"515 Somerville Ave, Somerville, MA","3.03333333333333","182","0.5114122",250
"251","3 KENT CT, Somerville, Massachusetts","42.3828887, -71.1104658",2,"515 Somerville Ave, Somerville, MA","2.43333333333333","146","0.4933916",251
"252","3 LINDEN ST, Somerville, Massachusetts","42.3782735, -71.0927151",1,"515 Somerville Ave, Somerville, MA","4.58333333333333","275","0.782964",252
"253","3 QUINCY ST, Somerville, Massachusetts","42.3819715, -71.1010606",1,"515 Somerville Ave, Somerville, MA","1.31666666666667","79","0.2727946",253
"254","3 SUMMIT AVE, Somerville, Massachusetts","42.3836443, -71.0953601",1,"515 Somerville Ave, Somerville, MA","3.95","237","0.7810998",254
"255","3 WASHINGTON ST, Somerville, Massachusetts","42.382317, -71.081218",1,"515 Somerville Ave, Somerville, MA","7.11666666666667","427","1.404364",255
"256","30 CANAL LN, Somerville, Massachusetts","42.3969204, -71.0943487",1,"515 Somerville Ave, Somerville, MA","9.1","546","1.7405414",256
"257","30 CHESTER ST, Somerville, Massachusetts","42.3941219, -71.1234319",1,"515 Somerville Ave, Somerville, MA","8.11666666666667","487","1.4348126",257
"258","30 DANE ST, Somerville, Massachusetts","42.3810963, -71.1040996",3,"515 Somerville Ave, Somerville, MA","1.05","63","0.2342678",258
"259","30 INNER BELT RD, Somerville, Massachusetts","42.3794002, -71.0798146",3,"515 Somerville Ave, Somerville, MA","7.91666666666667","475","1.5615782",259
"260","30 MEMORIAL RD, Somerville, Massachusetts","42.3959697, -71.0924908",1,"515 Somerville Ave, Somerville, MA","7.85","471","1.6243396",260
"261","30 PROSPECT ST, Somerville, Massachusetts","42.3783779, -71.0942951",1,"515 Somerville Ave, Somerville, MA","4.48333333333333","269","0.8600176",261
"262","30 QUINCY ST, Somerville, Massachusetts","42.3830975, -71.1006169",1,"515 Somerville Ave, Somerville, MA","1.65","99","0.3523338",262
"263","30 RIVER RD, Somerville, Massachusetts","42.3976735, -71.0926364",1,"515 Somerville Ave, Somerville, MA","9.48333333333333","569","1.777204",263
"264","30 WASHINGTON ST, Somerville, Massachusetts","42.3813271, -71.0820238",6,"515 Somerville Ave, Somerville, MA","7.35","441","1.4379196",264
"265","300 BROADWAY, Somerville, Massachusetts","42.3921177, -71.0929703",1,"515 Somerville Ave, Somerville, MA","6.81666666666667","409","1.3416026",265
"266","300 SOMERVILLE AVE, Somerville, Massachusetts","42.3800117, -71.0973703",2,"515 Somerville Ave, Somerville, MA","2.3","138","0.487799",266
"267","301 HIGHLAND AVE, Somerville, Massachusetts","42.39281, -71.113141",1,"515 Somerville Ave, Somerville, MA","4.63333333333333","278","1.0787504",267
"268","309 HIGHLAND AVE, Somerville, Massachusetts","42.3928896, -71.1139313",1,"515 Somerville Ave, Somerville, MA","4.75","285","1.1160344",268
"269","31 BOLTON ST, Somerville, Massachusetts","42.3750618, -71.0983625",2,"515 Somerville Ave, Somerville, MA","5.36666666666667","322","0.9526062",269
"270","31 PRESCOTT ST, Somerville, Massachusetts","42.3847855, -71.0988467",1,"515 Somerville Ave, Somerville, MA","2.28333333333333","137","0.5114122",270
"271","31 WALNUT ST, Somerville, Massachusetts","42.382404, -71.095728",1,"515 Somerville Ave, Somerville, MA","3.38333333333333","203","0.6903754",271
"272","313 BROADWAY, Somerville, Massachusetts","42.3926791, -71.093142",1,"515 Somerville Ave, Somerville, MA","6.75","405","1.320475",272
"273","318 SOMERVILLE AVE, Somerville, Massachusetts","42.380277, -71.0977345",1,"515 Somerville Ave, Somerville, MA","3.33333333333333","200","0.5443464",273
"274","32 BOW ST, Somerville, Massachusetts","42.3813097, -71.0974172",1,"515 Somerville Ave, Somerville, MA","3","180","0.5909514",274
"275","32 HANSON ST, Somerville, Massachusetts","42.379699, -71.105498",1,"515 Somerville Ave, Somerville, MA","2.23333333333333","134","0.388375",275
"276","32 JAQUES ST, Somerville, Massachusetts","42.393178, -71.090883",2,"515 Somerville Ave, Somerville, MA","7.36666666666667","442","1.5435576",276
"277","32 KENT ST, Somerville, Massachusetts","42.382638, -71.11003",5,"515 Somerville Ave, Somerville, MA","2.35","141","0.4865562",277
"278","32 MUNROE ST, Somerville, Massachusetts","42.380479, -71.09225",1,"515 Somerville Ave, Somerville, MA","4.56666666666667","274","0.832676",278
"279","32 SHORE DR, Somerville, Massachusetts","42.3980727, -71.0899515",3,"515 Somerville Ave, Somerville, MA","8.05","483","1.8231876",279
"280","320 SOMERVILLE AVE, Somerville, Massachusetts","42.380391, -71.0977039",1,"515 Somerville Ave, Somerville, MA","2.13333333333333","128","0.4604574",280
"281","322 BEACON ST, Somerville, Massachusetts","42.3845172, -71.1140854",1,"515 Somerville Ave, Somerville, MA","2.45","147","0.6667622",281
"282","326 BROADWAY, Somerville, Massachusetts","42.3924025, -71.0941243",1,"515 Somerville Ave, Somerville, MA","6.58333333333333","395","1.351545",282
"283","328 BROADWAY, Somerville, Massachusetts","42.3926403, -71.0939934",1,"515 Somerville Ave, Somerville, MA","6.36666666666667","382","1.2782198",283
"284","33 MELVIN ST, Somerville, Massachusetts","42.389024, -71.0902349",1,"515 Somerville Ave, Somerville, MA","7.18333333333333","431","1.276977",284
"285","33 PARK ST, Somerville, Massachusetts","42.3819781, -71.1071022",1,"515 Somerville Ave, Somerville, MA","0.616666666666667","37","0.114959",285
"286","33 SOUTH ST, Somerville, Massachusetts","42.3743963, -71.0898038",1,"515 Somerville Ave, Somerville, MA","6.58333333333333","395","1.2744914",286
"287","330 SUMMER ST, Somerville, Massachusetts","42.3929272, -71.1181975",1,"515 Somerville Ave, Somerville, MA","4.95","297","1.0824788",287
"288","330 WASHINGTON ST, Somerville, Massachusetts","42.3792197, -71.1017067",1,"515 Somerville Ave, Somerville, MA","2.33333333333333","140","0.5238402",288
"289","333 BROADWAY, Somerville, Massachusetts","42.3932279, -71.0941495",2,"515 Somerville Ave, Somerville, MA","7.26666666666667","436","1.5218086",289
"290","335 SOMERVILLE AVE, Somerville, Massachusetts","42.3807802, -71.097997",1,"515 Somerville Ave, Somerville, MA","1.95","117","0.4343586",290
"291","337 SOMERVILLE AVE, Somerville, Massachusetts","42.381071, -71.098044",3,"515 Somerville Ave, Somerville, MA","2.35","141","0.441194",291
"292","338 SOMERVILLE AVE, Somerville, Massachusetts","42.380519, -71.098398",1,"515 Somerville Ave, Somerville, MA","1.91666666666667","115","0.4250376",292
"293","34 CALVIN ST, Somerville, Massachusetts","42.3774691, -71.1041579",2,"515 Somerville Ave, Somerville, MA","2.35","141","0.4915274",293
"294","34 DAY ST, Somerville, Massachusetts","42.395078, -71.123945",1,"515 Somerville Ave, Somerville, MA","7.65","459","1.4621542",294
"295","34 HEATH ST, Somerville, Massachusetts","42.394093, -71.094095",1,"515 Somerville Ave, Somerville, MA","5.96666666666667","358","1.3036972",295
"296","34 HIGHLAND AVE, Somerville, Massachusetts","42.3852442, -71.0946989",1,"515 Somerville Ave, Somerville, MA","3.75","225","0.8239764",296
"297","34 LINE ST, Somerville, Massachusetts","42.3771953, -71.1061333",2,"515 Somerville Ave, Somerville, MA","3.8","228","0.6145646",297
"298","34 SUMMIT AVE, Somerville, Massachusetts","42.3841454, -71.0967745",1,"515 Somerville Ave, Somerville, MA","3.9","234","0.885495",298
"299","34- HIGHLAND AVE, Somerville, Massachusetts","42.3852442, -71.0946989",1,"515 Somerville Ave, Somerville, MA","3.75","225","0.8239764",299
"300","343 BROADWAY, Somerville, Massachusetts","42.3936347, -71.0943702",1,"515 Somerville Ave, Somerville, MA","6.88333333333333","413","1.385722",300
"301","344 SOMERVILLE AVE, Somerville, Massachusetts","42.3806646, -71.0984401",1,"515 Somerville Ave, Somerville, MA","1.83333333333333","110","0.4144738",301
"302","349 BROADWAY, Somerville, Massachusetts","42.3936152, -71.09511",1,"515 Somerville Ave, Somerville, MA","6.98333333333333","419","1.4155492",302
"303","35 CHARLESTOWN ST, Somerville, Massachusetts","42.376527, -71.0920211",3,"515 Somerville Ave, Somerville, MA","5.56666666666667","334","0.9302358",303
"304","35 CHURCH ST, Somerville, Massachusetts","42.38179, -71.100026",1,"515 Somerville Ave, Somerville, MA","2.63333333333333","158","0.5648526",304
"305","35 HAROLD ST, Somerville, Massachusetts","42.3771845, -71.1020147",1,"515 Somerville Ave, Somerville, MA","3.1","186","0.6015152",305
"306","35 LINDEN ST, Somerville, Massachusetts","42.3771329, -71.0927682",1,"515 Somerville Ave, Somerville, MA","4.95","297","0.8612604",306
"307","35 MCGRATH HWY, Somerville, Massachusetts","42.374453, -71.082686",1,"515 Somerville Ave, Somerville, MA","9.58333333333333","575","2.0127146",307
"308","35 MEDFORD ST, Somerville, Massachusetts","42.3744208, -71.0879085",3,"515 Somerville Ave, Somerville, MA","6.2","372","1.165125",308
"309","35 MEMORIAL RD, Somerville, Massachusetts","42.3969363, -71.0928374",1,"515 Somerville Ave, Somerville, MA","8.33333333333333","500","1.6889652",309
"310","35 PUTNAM ST, Somerville, Massachusetts","42.384407, -71.097763",1,"515 Somerville Ave, Somerville, MA","2.71666666666667","163","0.6015152",310
"311","353 SOMERVILLE AVE, Somerville, Massachusetts","42.381077, -71.0986",1,"515 Somerville Ave, Somerville, MA","2.96666666666667","178","0.6450132",311
"312","357 SOMERVILLE AVE, Somerville, Massachusetts","42.3811419, -71.098793",1,"515 Somerville Ave, Somerville, MA","2.93333333333333","176","0.6387992",312
"313","36 CEDAR ST, Somerville, Massachusetts","42.389544, -71.1145273",1,"515 Somerville Ave, Somerville, MA","4.15","249","0.947635",313
"314","36 CENTRAL ST, Somerville, Massachusetts","42.385526, -71.1054603",1,"515 Somerville Ave, Somerville, MA","1.1","66","0.2224612",314
"315","36 OAK ST, Somerville, Massachusetts","42.3757242, -71.0986469",1,"515 Somerville Ave, Somerville, MA","5.53333333333333","332","1.0868286",315
"316","36 PUTNAM ST, Somerville, Massachusetts","42.384617, -71.098291",1,"515 Somerville Ave, Somerville, MA","2.71666666666667","163","0.602758",316
"317","36 STONE AVE, Somerville, Massachusetts","42.3808392, -71.095174",1,"515 Somerville Ave, Somerville, MA","6.06666666666667","364","0.9898902",317
"318","360 MYSTIC AVE, Somerville, Massachusetts","42.3936864, -71.0873528",1,"515 Somerville Ave, Somerville, MA","8.68333333333333","521","1.7206566",318
"319","360 SOMERVILLE AVE, Somerville, Massachusetts","42.3808806, -71.0991172",1,"515 Somerville Ave, Somerville, MA","1.78333333333333","107","0.3834038",319
"320","366 SOMERVILLE AVE, Somerville, Massachusetts","42.380767, -71.099419",1,"515 Somerville Ave, Somerville, MA","1.88333333333333","113","0.394589",320
"321","37 CEDAR ST, Somerville, Massachusetts","42.3894035, -71.114186",1,"515 Somerville Ave, Somerville, MA","3.85","231","0.9283716",321
"322","37 QUINCY ST, Somerville, Massachusetts","42.3832305, -71.1000024",1,"515 Somerville Ave, Somerville, MA","1.73333333333333","104","0.3747042",322
"323","37 SYDNEY ST, Somerville, Massachusetts","42.3944489, -71.0893849",1,"515 Somerville Ave, Somerville, MA","7.66666666666667","460","1.637389",323
"324","37 UNION SQ, Somerville, Massachusetts","42.3801755, -71.0969606",1,"515 Somerville Ave, Somerville, MA","2.38333333333333","143","0.5008484",324
"325","374 SOMERVILLE AVE, Somerville, Massachusetts","42.3810387, -71.0997946",1,"515 Somerville Ave, Somerville, MA","1.71666666666667","103","0.3498482",325
"326","378 WASHINGTON ST, Somerville, Massachusetts","42.3785715, -71.1044905",1,"515 Somerville Ave, Somerville, MA","1.98333333333333","119","0.4281446",326
"327","379 BROADWAY, Somerville, Massachusetts","42.3946452, -71.096732",2,"515 Somerville Ave, Somerville, MA","6.81666666666667","409","1.329796",327
"328","38 IBBETSON ST, Somerville, Massachusetts","42.3860813, -71.1116287",1,"515 Somerville Ave, Somerville, MA","2.3","138","0.447408",328
"329","38 MEDFORD ST, Somerville, Massachusetts","42.3744741, -71.0883011",1,"515 Somerville Ave, Somerville, MA","6.16666666666667","370","1.155804",329
"330","38 WYATT ST, Somerville, Massachusetts","42.3771537, -71.1012099",1,"515 Somerville Ave, Somerville, MA","3.51666666666667","211","0.7065318",330
"331","380 SOMERVILLE AVE, Somerville, Massachusetts","42.3811629, -71.1000225",1,"515 Somerville Ave, Somerville, MA","1.7","102","0.3467412",331
"332","383 BROADWAY, Somerville, Massachusetts","42.3947697, -71.0969157",1,"515 Somerville Ave, Somerville, MA","5.85","351","1.2167012",332
"333","388 SOMERVILLE AVE, Somerville, Massachusetts","42.381202, -71.100376",1,"515 Somerville Ave, Somerville, MA","1.45","87","0.3125642",333
"334","39 HOUGHTON ST, Somerville, Massachusetts","42.3750026, -71.0991998",1,"515 Somerville Ave, Somerville, MA","5","300","1.0296598",334
"335","39 MEDFORD ST, Somerville, Massachusetts","42.3741799, -71.0880529",3,"515 Somerville Ave, Somerville, MA","6.25","375","1.1787958",335
"336","390 WASHINGTON ST, Somerville, Massachusetts","42.378333, -71.1051899",1,"515 Somerville Ave, Somerville, MA","2.48333333333333","149","0.4766138",336
"337","391 SOMERVILLE AVE, Somerville, Massachusetts","42.381792, -71.1005519",1,"515 Somerville Ave, Somerville, MA","2.68333333333333","161","0.5772806",337
"338","397 WASHINGTON ST, Somerville, Massachusetts","42.378695, -71.105686",1,"515 Somerville Ave, Somerville, MA","2.38333333333333","143","0.4840706",338
"339","4 ALDERSEY ST, Somerville, Massachusetts","42.3828712, -71.0960802",2,"515 Somerville Ave, Somerville, MA","3.86666666666667","232","0.7338734",339
"340","4 BEACH AVE, Somerville, Massachusetts","42.3755224, -71.0940796",1,"515 Somerville Ave, Somerville, MA","4.83333333333333","290","0.8892234",340
"341","4 BEACON ST, Somerville, Massachusetts","42.3745083, -71.1019506",1,"515 Somerville Ave, Somerville, MA","3.78333333333333","227","0.77675",341
"342","4 LAKE ST, Somerville, Massachusetts","42.3798796, -71.0984022",1,"515 Somerville Ave, Somerville, MA","3.01666666666667","181","0.506441",342
"343","4 WALDO AVE, Somerville, Massachusetts","42.3770832, -71.1033907",1,"515 Somerville Ave, Somerville, MA","2.6","156","0.537511",343
"344","40 FLORENCE ST, Somerville, Massachusetts","42.383431, -71.083345",1,"515 Somerville Ave, Somerville, MA","8.33333333333333","500","1.715064",344
"345","40 HIGHLAND AVE, Somerville, Massachusetts","42.385244, -71.095037",1,"515 Somerville Ave, Somerville, MA","3.65","219","0.8090628",345
"346","40 HOUGHTON ST, Somerville, Massachusetts","42.3748116, -71.0991709",1,"515 Somerville Ave, Somerville, MA","6.16666666666667","370","1.1893596",346
"347","40 MEMORIAL RD, Somerville, Massachusetts","42.3962426, -71.0925721",2,"515 Somerville Ave, Somerville, MA","7.8","468","1.6168828",347
"348","40 RIVER RD, Somerville, Massachusetts","42.3974024, -71.0930711",1,"515 Somerville Ave, Somerville, MA","8.81666666666667","529","1.7218994",348
"349","40 SUMMER ST, Somerville, Massachusetts","42.383047, -71.0993161",1,"515 Somerville Ave, Somerville, MA","2.25","135","0.4716426",349
"350","40 UNION SQ, Somerville, Massachusetts","42.3803084, -71.0964479",1,"515 Somerville Ave, Somerville, MA","3.21666666666667","193","0.6158074",350
"351","40 WIGGLESWORTH ST, Somerville, Massachusetts","42.3886858, -71.0912352",1,"515 Somerville Ave, Somerville, MA","6","360","1.1887382",351
"352","400 SOMERVILLE AVE, Somerville, Massachusetts","42.3807302, -71.1015967",2,"515 Somerville Ave, Somerville, MA","1.9","114","0.3057288",352
"353","402 WASHINGTON ST, Somerville, Massachusetts","42.3782256, -71.1056709",1,"515 Somerville Ave, Somerville, MA","2.45","147","0.4927702",353
"354","403 WASHINGTON ST, Somerville, Massachusetts","42.378626, -71.106009",1,"515 Somerville Ave, Somerville, MA","2.5","150","0.5014698",354
"355","405 ALEWIFE BROOK PKWY, Somerville, Massachusetts","42.4141402, -71.1298825",2,"515 Somerville Ave, Somerville, MA","12.2666666666667","736","3.352453",355
"356","407 WASHINGTON ST, Somerville, Massachusetts","42.378519, -71.1060981",1,"515 Somerville Ave, Somerville, MA","2.53333333333333","152","0.5076838",356
"357","408 HIGHLAND AVE, Somerville, Massachusetts","42.3959947, -71.1215769",1,"515 Somerville Ave, Somerville, MA","6.06666666666667","364","1.4888744",357
"358","41 BELMONT ST, Somerville, Massachusetts","42.386316, -71.109323",1,"515 Somerville Ave, Somerville, MA","2.7","162","0.5636098",358
"359","41 GREENVILLE ST, Somerville, Massachusetts","42.3822453, -71.0931142",1,"515 Somerville Ave, Somerville, MA","4.75","285","0.9457708",359
"360","41 JACKSON RD, Somerville, Massachusetts","42.3900593, -71.093398",2,"515 Somerville Ave, Somerville, MA","6.83333333333333","410","1.2322362",360
"361","41 MT PLEASANT ST, Somerville, Massachusetts","42.3847704, -71.0790945",1,"515 Somerville Ave, Somerville, MA","10.0833333333333","605","2.4209744",361
"362","41 WALNUT ST, Somerville, Massachusetts","42.382936, -71.095403",1,"515 Somerville Ave, Somerville, MA","3.75","225","0.758108",362
"363","411 NORFOLK ST, Somerville, Massachusetts","42.3750163, -71.0953274",2,"515 Somerville Ave, Somerville, MA","4.73333333333333","284","0.8954374",363
"364","414 WASHINGTON ST, Somerville, Massachusetts","42.3780903, -71.1065132",2,"515 Somerville Ave, Somerville, MA","2.48333333333333","149","0.456729",364
"365","417 SOMERVILLE AVE, Somerville, Massachusetts","42.3819778, -71.1014176",1,"515 Somerville Ave, Somerville, MA","1.16666666666667","70","0.239239",365
"366","42 BELMONT ST, Somerville, Massachusetts","42.3864727, -71.1099253",1,"515 Somerville Ave, Somerville, MA","2.71666666666667","163","0.5673382",366
"367","42 PRESCOTT ST, Somerville, Massachusetts","42.3854176, -71.0989842",1,"515 Somerville Ave, Somerville, MA","4.16666666666667","250","0.798499",367
"368","42 RICHDALE AVE, Somerville, Massachusetts","42.389558, -71.099536",1,"515 Somerville Ave, Somerville, MA","5.53333333333333","332","1.028417",368
"369","420 MEDFORD ST, Somerville, Massachusetts","42.3916473, -71.0999993",1,"515 Somerville Ave, Somerville, MA","3.78333333333333","227","0.7724002",369
"370","422 MYSTIC AVE, Somerville, Massachusetts","42.395087, -71.0890077",1,"515 Somerville Ave, Somerville, MA","8.28333333333333","497","1.683994",370
"371","423 MEDFORD ST, Somerville, Massachusetts","42.3921217, -71.1000318",1,"515 Somerville Ave, Somerville, MA","3.85","231","0.8003632",371
"372","425 BROADWAY, Somerville, Massachusetts","42.396189, -71.099856",1,"515 Somerville Ave, Somerville, MA","5.63333333333333","338","1.2042732",372
"373","425 WASHINGTON ST, Somerville, Massachusetts","42.3783145, -71.1069084",2,"515 Somerville Ave, Somerville, MA","2.55","153","0.4716426",373
"374","429 NORFOLK ST, Somerville, Massachusetts","42.3748793, -71.0953581",1,"515 Somerville Ave, Somerville, MA","6.58333333333333","395","1.2465284",374
"375","43 CHURCH ST, Somerville, Massachusetts","42.38202, -71.099901",1,"515 Somerville Ave, Somerville, MA","2.56666666666667","154","0.5480748",375
"376","43 VINAL AVE, Somerville, Massachusetts","42.3844347, -71.0968192",1,"515 Somerville Ave, Somerville, MA","3.7","222","0.8494538",376
"377","435 ARTISAN WAY, Somerville, Massachusetts","42.3952272, -71.0786283",1,"515 Somerville Ave, Somerville, MA","11.4166666666667","685","2.4582584",377
"378","435 WASHINGTON ST, Somerville, Massachusetts","42.3783524, -71.1072006",1,"515 Somerville Ave, Somerville, MA","3.31666666666667","199","0.6220214",378
"379","438 SOMERVILLE AVE, Somerville, Massachusetts","42.381321, -71.1024381",2,"515 Somerville Ave, Somerville, MA","1.91666666666667","115","0.2790086",379
"380","44 ADRIAN ST, Somerville, Massachusetts","42.37708, -71.099926",1,"515 Somerville Ave, Somerville, MA","3.75","225","0.7158528",380
"381","44 DICKINSON ST, Somerville, Massachusetts","42.3748627, -71.1009646",1,"515 Somerville Ave, Somerville, MA","4.1","246","0.7531368",381
"382","44 PITMAN ST, Somerville, Massachusetts","42.3845748, -71.1096707",1,"515 Somerville Ave, Somerville, MA","1.98333333333333","119","0.245453",382
"383","44 TEMPLE ST, Somerville, Massachusetts","42.39406, -71.0925759",1,"515 Somerville Ave, Somerville, MA","6.56666666666667","394","1.4130636",383
"384","443 SOMERVILLE AVE, Somerville, Massachusetts","42.382391, -71.102516",1,"515 Somerville Ave, Somerville, MA","0.866666666666667","52","0.1783418",384
"385","444 SOMERVILLE AVE, Somerville, Massachusetts","42.3817256, -71.1027754",1,"515 Somerville Ave, Somerville, MA","1.71666666666667","103","0.2541526",385
"386","45 BEACON ST, Somerville, Massachusetts","42.376014, -71.1029087",2,"515 Somerville Ave, Somerville, MA","3.88333333333333","233","0.7245524",386
"387","45 CONCORD AVE, Somerville, Massachusetts","42.377153, -71.098245",1,"515 Somerville Ave, Somerville, MA","4.63333333333333","278","0.8401328",387
"388","45 GREENVILLE ST, Somerville, Massachusetts","42.38218, -71.093285",1,"515 Somerville Ave, Somerville, MA","4.8","288","0.9128366",388
"389","45 KIDDER AVE, Somerville, Massachusetts","42.398524, -71.117126",1,"515 Somerville Ave, Somerville, MA","6.6","396","1.6392532",389
"390","45 MAIN ST, Somerville, Massachusetts","42.396266, -71.098978",1,"515 Somerville Ave, Somerville, MA","5.56666666666667","334","1.1787958",390
"391","45 MEMORIAL RD, Somerville, Massachusetts","42.3969737, -71.092782",2,"515 Somerville Ave, Somerville, MA","8.35","501","1.6926936",391
"392","45 UNION SQ, Somerville, Massachusetts","42.3801859, -71.0963615",2,"515 Somerville Ave, Somerville, MA","3.21666666666667","193","0.5928156",392
"393","45 WALNUT ST, Somerville, Massachusetts","42.3832009, -71.0952354",1,"515 Somerville Ave, Somerville, MA","3.71666666666667","223","0.7525154",393
"394","450 CANAL ST, Somerville, Massachusetts","42.3940229, -71.0804747",1,"515 Somerville Ave, Somerville, MA","10.4","624","2.4128962",394
"395","46 BELMONT ST, Somerville, Massachusetts","42.3866482, -71.1095618",2,"515 Somerville Ave, Somerville, MA","2.63333333333333","158","0.5480748",395
"396","46 MEDFORD ST, Somerville, Massachusetts","42.3747577, -71.0885136",1,"515 Somerville Ave, Somerville, MA","6.13333333333333","368","1.1384048",396
"397","46 SOUTH ST, Somerville, Massachusetts","42.3742639, -71.090403",3,"515 Somerville Ave, Somerville, MA","6.68333333333333","401","1.3030758",397
"398","46 WHEATLAND ST, Somerville, Massachusetts","42.3926067, -71.0894164",1,"515 Somerville Ave, Somerville, MA","8.03333333333333","482","1.575249",398
"399","460 MYSTIC AVE, Somerville, Massachusetts","42.3958722, -71.0895435",1,"515 Somerville Ave, Somerville, MA","8.21666666666667","493","1.8623358",399
"400","47 BEACON ST, Somerville, Massachusetts","42.376019, -71.102897",2,"515 Somerville Ave, Somerville, MA","3.88333333333333","233","0.7245524",400
"401","47 BOW ST, Somerville, Massachusetts","42.3816434, -71.0984405",1,"515 Somerville Ave, Somerville, MA","2.73333333333333","164","0.6008938",401
"402","47 CALVIN ST, Somerville, Massachusetts","42.3774565, -71.1047809",1,"515 Somerville Ave, Somerville, MA","2.51666666666667","151","0.5176262",402
"403","47 MARSHALL ST, Somerville, Massachusetts","42.390563, -71.094525",1,"515 Somerville Ave, Somerville, MA","6.93333333333333","416","1.1750674",403
"404","48 WALNUT ST, Somerville, Massachusetts","42.383475, -71.095608",1,"515 Somerville Ave, Somerville, MA","3.6","216","0.7593508",404
"405","480 COLUMBIA ST, Somerville, Massachusetts","42.3745203, -71.0936018",2,"515 Somerville Ave, Somerville, MA","5.68333333333333","341","1.102985",405
"406","49 OAK ST, Somerville, Massachusetts","42.375772, -71.099089",1,"515 Somerville Ave, Somerville, MA","5.51666666666667","331","1.0824788",406
"407","49 PUTNAM ST, Somerville, Massachusetts","42.384935, -71.097409",1,"515 Somerville Ave, Somerville, MA","2.85","171","0.6425276",407
"408","49 SCHOOL ST, Somerville, Massachusetts","42.3837766, -71.1006623",1,"515 Somerville Ave, Somerville, MA","2.65","159","0.503334",408
"409","495 COLUMBIA ST, Somerville, Massachusetts","42.375116, -71.0942707",1,"515 Somerville Ave, Somerville, MA","5.23333333333333","314","0.9147008",409
"410","499 FOLEY ST, Somerville, Massachusetts","42.3930349, -71.0803484",1,"515 Somerville Ave, Somerville, MA","10.7","642","2.473172",410
"411","5 DANTE TER, Somerville, Massachusetts","42.3860612, -71.1123125",2,"515 Somerville Ave, Somerville, MA","2.1","126","0.459836",411
"412","5 MAGNUS AVE, Somerville, Massachusetts","42.3788111, -71.1036324",1,"515 Somerville Ave, Somerville, MA","1.98333333333333","119","0.4200664",412
"413","5 MIDDLESEX AVE, Somerville, Massachusetts","42.3910487, -71.0822964",1,"515 Somerville Ave, Somerville, MA","10.1333333333333","608","2.625415",413
"414","5 NEWTON PL, Somerville, Massachusetts","42.3785943, -71.0947075",1,"515 Somerville Ave, Somerville, MA","3.98333333333333","239","0.7525154",414
"415","5 SCHOOL ST, Somerville, Massachusetts","42.382229, -71.1017789",1,"515 Somerville Ave, Somerville, MA","2.1","126","0.27963",415
"416","5 WALDO AVE, Somerville, Massachusetts","42.3767239, -71.1042466",1,"515 Somerville Ave, Somerville, MA","2.91666666666667","175","0.5834946",416
"417","50 BEACON ST, Somerville, Massachusetts","42.3757201, -71.1032845",1,"515 Somerville Ave, Somerville, MA","3.21666666666667","193","0.6686264",417
"418","50 CRAIGIE ST, Somerville, Massachusetts","42.387146, -71.111976",2,"515 Somerville Ave, Somerville, MA","2.55","153","0.5350254",418
"419","50 MEMORIAL RD, Somerville, Massachusetts","42.3965017, -71.0934783",1,"515 Somerville Ave, Somerville, MA","8.33333333333333","500","1.6914508",419
"420","50 MUNROE ST, Somerville, Massachusetts","42.380951, -71.0925439",1,"515 Somerville Ave, Somerville, MA","4.4","264","0.8084414",420
"421","50 PERRY ST, Somerville, Massachusetts","42.3781152, -71.101494",1,"515 Somerville Ave, Somerville, MA","2.98333333333333","179","0.6300996",421
"422","50 RIVER RD, Somerville, Massachusetts","42.3974983, -71.0930693",1,"515 Somerville Ave, Somerville, MA","8.88333333333333","533","1.7287348",422
"423","50 SARGENT AVE, Somerville, Massachusetts","42.3900166, -71.0923361",1,"515 Somerville Ave, Somerville, MA","6.21666666666667","373","1.2185654",423
"424","50 WASHINGTON ST, Somerville, Massachusetts","42.3817027, -71.0835404",5,"515 Somerville Ave, Somerville, MA","6.56666666666667","394","1.2794626",424
"425","50 WHITE ST, Somerville, Massachusetts","42.3893765, -71.1173247",1,"515 Somerville Ave, Somerville, MA","3.5","210","0.7904208",425
"426","504 BROADWAY, Somerville, Massachusetts","42.3971808, -71.1048969",1,"515 Somerville Ave, Somerville, MA","6.51666666666667","391","1.1769316",426
"427","51 BROADWAY, Somerville, Massachusetts","42.38683, -71.079835",1,"515 Somerville Ave, Somerville, MA","9.51666666666667","571","2.327143",427
"428","51 FRANKLIN ST, Somerville, Massachusetts","42.383641, -71.085134",1,"515 Somerville Ave, Somerville, MA","8.11666666666667","487","1.4335698",428
"429","51 MCGRATH HWY, Somerville, Massachusetts","42.3746563, -71.0829829",1,"515 Somerville Ave, Somerville, MA","9.61666666666667","577","2.0338422",429
"430","51 OAK ST, Somerville, Massachusetts","42.3756119, -71.099198",1,"515 Somerville Ave, Somerville, MA","5.26666666666667","316","1.0650796",430
"431","51 PRESTON RD, Somerville, Massachusetts","42.3844842, -71.1024907",1,"515 Somerville Ave, Somerville, MA","2.35","141","0.4741282",431
"432","51 SPRINGFIELD ST, Somerville, Massachusetts","42.375689, -71.099549",1,"515 Somerville Ave, Somerville, MA","4.51666666666667","271","0.944528",432
"433","51 TEMPLE ST, Somerville, Massachusetts","42.3942184, -71.0920997",1,"515 Somerville Ave, Somerville, MA","6.66666666666667","400","1.4341912",433
"434","52 ALSTON ST, Somerville, Massachusetts","42.3810477, -71.0890397",1,"515 Somerville Ave, Somerville, MA","7.2","432","1.2278864",434
"435","52 OAK ST, Somerville, Massachusetts","42.3753686, -71.0988002",1,"515 Somerville Ave, Somerville, MA","5.33333333333333","320","1.075022",435
"436","520 COLUMBIA ST, Somerville, Massachusetts","42.3761192, -71.0946232",2,"515 Somerville Ave, Somerville, MA","4.46666666666667","268","0.8475896",436
"437","53 COLUMBUS AVE, Somerville, Massachusetts","42.3815475, -71.0944018",1,"515 Somerville Ave, Somerville, MA","3.55","213","0.677326",437
"438","53 UNION SQ, Somerville, Massachusetts","42.3799396, -71.0961933",1,"515 Somerville Ave, Somerville, MA","5.48333333333333","329","0.9202934",438
"439","530 MYSTIC AVE, Somerville, Massachusetts","42.3973598, -71.0919254",2,"515 Somerville Ave, Somerville, MA","7.48333333333333","449","1.6982862",439
"440","55 COLUMBUS AVE, Somerville, Massachusetts","42.381669, -71.094404",2,"515 Somerville Ave, Somerville, MA","3.51666666666667","211","0.671112",440
"441","55 OAK ST, Somerville, Massachusetts","42.3754963, -71.0989671",1,"515 Somerville Ave, Somerville, MA","5.26666666666667","316","1.0650796",441
"442","56 FREMONT ST, Somerville, Massachusetts","42.3985489, -71.097925",1,"515 Somerville Ave, Somerville, MA","6.8","408","1.354652",442
"443","56 MT VERNON ST, Somerville, Massachusetts","42.3839009, -71.0802799",1,"515 Somerville Ave, Somerville, MA","8.51666666666667","511","1.7908748",443
"444","560 SOMERVILLE AVE, Somerville, Massachusetts","42.3835197, -71.1078106",1,"515 Somerville Ave, Somerville, MA","0.483333333333333","29","0.1019096",444
"445","561 WINDSOR ST, Somerville, Massachusetts","42.375619, -71.093237",5,"515 Somerville Ave, Somerville, MA","4.96666666666667","298","0.9234004",445
"446","57 COLUMBUS AVE, Somerville, Massachusetts","42.381761, -71.094512",1,"515 Somerville Ave, Somerville, MA","3.46666666666667","208","0.6624124",446
"447","57 MERRIAM ST, Somerville, Massachusetts","42.3785284, -71.0918851",1,"515 Somerville Ave, Somerville, MA","4.76666666666667","286","0.8687172",447
"448","57 SPRINGFIELD ST, Somerville, Massachusetts","42.37601, -71.099405",1,"515 Somerville Ave, Somerville, MA","4.43333333333333","266","0.9215362",448
"449","57 WALNUT ST, Somerville, Massachusetts","42.383885, -71.094741",1,"515 Somerville Ave, Somerville, MA","3.75","225","0.804713",449
"450","57 WEBSTER AVE, Somerville, Massachusetts","42.3762618, -71.0955689",1,"515 Somerville Ave, Somerville, MA","4.15","249","0.7879352",450
"451","570 SOMERVILLE AVE, Somerville, Massachusetts","42.3829153, -71.1084771",3,"515 Somerville Ave, Somerville, MA","1.01666666666667","61","0.1503788",451
"452","571 SOMERVILLE AVE, Somerville, Massachusetts","42.383808, -71.1081559",1,"515 Somerville Ave, Somerville, MA","0.566666666666667","34","0.12428",452
"453","58 ALSTON ST, Somerville, Massachusetts","42.381, -71.0892157",1,"515 Somerville Ave, Somerville, MA","7.25","435","1.2372074",453
"454","58 BURNSIDE AVE, Somerville, Massachusetts","42.3920972, -71.1165746",1,"515 Somerville Ave, Somerville, MA","3.98333333333333","239","1.0383594",454
"455","59 GOVERNOR WINTHROP RD, Somerville, Massachusetts","42.3964216, -71.0874523",1,"515 Somerville Ave, Somerville, MA","8.45","507","1.7349488",455
"456","59 VINAL AVE, Somerville, Massachusetts","42.3854202, -71.0961478",1,"515 Somerville Ave, Somerville, MA","3.43333333333333","206","0.7724002",456
"457","59 WASHINGTON ST, Somerville, Massachusetts","42.3819233, -71.0832481",1,"515 Somerville Ave, Somerville, MA","8.81666666666667","529","1.817595",457
"458","594 SOMERVILLE AVE, Somerville, Massachusetts","42.3836735, -71.1092722",2,"515 Somerville Ave, Somerville, MA","1.1","66","0.1814488",458
"459","6 ALDERSEY ST, Somerville, Massachusetts","42.38288, -71.096466",2,"515 Somerville Ave, Somerville, MA","3.93333333333333","236","0.7512726",459
"460","6 CHERRY ST, Somerville, Massachusetts","42.3895764, -71.1165265",1,"515 Somerville Ave, Somerville, MA","4.71666666666667","283","1.0949068",460
"461","6 CONCORD AVE, Somerville, Massachusetts","42.3766532, -71.0962207",1,"515 Somerville Ave, Somerville, MA","4.2","252","0.7779928",461
"462","6 SUMMER ST, Somerville, Massachusetts","42.3820845, -71.098269",1,"515 Somerville Ave, Somerville, MA","2.53333333333333","152","0.5567744",462
"463","6 WALNUT RD, Somerville, Massachusetts","42.390035, -71.0919243",1,"515 Somerville Ave, Somerville, MA","8.11666666666667","487","1.5491502",463
"464","60 RIVER RD, Somerville, Massachusetts","42.3975822, -71.0930994",1,"515 Somerville Ave, Somerville, MA","8.95","537","1.7349488",464
"465","60 WALNUT ST, Somerville, Massachusetts","42.384307, -71.095089",1,"515 Somerville Ave, Somerville, MA","4.18333333333333","251","0.8283262",465
"466","60 WASHINGTON ST, Somerville, Massachusetts","42.3816638, -71.083787",6,"515 Somerville Ave, Somerville, MA","6.51666666666667","391","1.2657918",466
"467","61 HIGHLAND AVE, Somerville, Massachusetts","42.3853801, -71.0947381",2,"515 Somerville Ave, Somerville, MA","3.7","222","0.8183838",467
"468","61 INNER BELT RD, Somerville, Massachusetts","42.3781843, -71.0825283",1,"515 Somerville Ave, Somerville, MA","8.25","495","1.6690804",468
"469","61 MEDFORD ST, Somerville, Massachusetts","42.3752635, -71.0875221",2,"515 Somerville Ave, Somerville, MA","6","360","1.1160344",469
"470","61 PUTNAM ST, Somerville, Massachusetts","42.3856067, -71.0972529",1,"515 Somerville Ave, Somerville, MA","3","180","0.6872684",470
"471","62 BRADLEY ST, Somerville, Massachusetts","42.3899029, -71.093748",1,"515 Somerville Ave, Somerville, MA","6.91666666666667","415","1.2372074",471
"472","62 HIGHLAND AVE, Somerville, Massachusetts","42.385621, -71.095986",2,"515 Somerville Ave, Somerville, MA","3.36666666666667","202","0.7562438",472
"473","62 SUMMER ST, Somerville, Massachusetts","42.3841039, -71.1003235",1,"515 Somerville Ave, Somerville, MA","2.21666666666667","133","0.4436796",473
"474","622 SOMERVILLE AVE, Somerville, Massachusetts","42.3836266, -71.1102457",3,"515 Somerville Ave, Somerville, MA","1.33333333333333","80","0.2342678",474
"475","629 SOMERVILLE AVE, Somerville, Massachusetts","42.3842623, -71.1105714",1,"515 Somerville Ave, Somerville, MA","1","60","0.251667",475
"476","63 OAK ST, Somerville, Massachusetts","42.375358, -71.0992099",1,"515 Somerville Ave, Somerville, MA","5.2","312","1.053273",476
"477","63 UNION SQ, Somerville, Massachusetts","42.3798903, -71.0953619",1,"515 Somerville Ave, Somerville, MA","5.71666666666667","343","0.9588202",477
"478","630 SOMERVILLE AVE, Somerville, Massachusetts","42.3841269, -71.1112255",1,"515 Somerville Ave, Somerville, MA","1.11666666666667","67","0.2790086",478
"479","64 BOW ST, Somerville, Massachusetts","42.3814634, -71.0993265",1,"515 Somerville Ave, Somerville, MA","2.93333333333333","176","0.6481202",479
"480","64 UNION SQ, Somerville, Massachusetts","42.3799411, -71.0963621",2,"515 Somerville Ave, Somerville, MA","3.13333333333333","188","0.5791448",480
"481","65 BEACON ST, Somerville, Massachusetts","42.3762308, -71.1038545",2,"515 Somerville Ave, Somerville, MA","3.06666666666667","184","0.6232642",481
"482","65 CRAIGIE ST, Somerville, Massachusetts","42.387537, -71.110958",1,"515 Somerville Ave, Somerville, MA","2.83333333333333","170","0.5828732",482
"483","651 SOMERVILLE AVE, Somerville, Massachusetts","42.3846917, -71.1113134",2,"515 Somerville Ave, Somerville, MA","1.2","72","0.2995148",483
"484","66 UNION SQ, Somerville, Massachusetts","42.3798617, -71.0951016",1,"515 Somerville Ave, Somerville, MA","4.75","285","0.7686718",484
"485","663 SOMERVILLE AVE, Somerville, Massachusetts","42.3847496, -71.1121624",1,"515 Somerville Ave, Somerville, MA","1.35","81","0.3411486",485
"486","67 BOSTON ST, Somerville, Massachusetts","42.38302, -71.093462",1,"515 Somerville Ave, Somerville, MA","4.15","249","0.8755526",486
"487","67 PEARL ST, Somerville, Massachusetts","42.384653, -71.083742",1,"515 Somerville Ave, Somerville, MA","7.66666666666667","460","1.5951338",487
"488","67 SUMMER ST, Somerville, Massachusetts","42.3842949, -71.1001719",1,"515 Somerville Ave, Somerville, MA","2.25","135","0.450515",488
"489","68 CHURCH ST, Somerville, Massachusetts","42.3830629, -71.0997546",1,"515 Somerville Ave, Somerville, MA","2.28333333333333","137","0.4803422",489
"490","68 CONCORD AVE, Somerville, Massachusetts","42.37628, -71.099925",1,"515 Somerville Ave, Somerville, MA","4.01666666666667","241","0.7562438",490
"491","68 FREMONT ST, Somerville, Massachusetts","42.398904, -71.097768",1,"515 Somerville Ave, Somerville, MA","7","420","1.379508",491
"492","68 MT VERNON ST, Somerville, Massachusetts","42.383268, -71.080487",1,"515 Somerville Ave, Somerville, MA","8.63333333333333","518","1.7796896",492
"493","69 MARSHALL ST, Somerville, Massachusetts","42.389457, -71.0951709",1,"515 Somerville Ave, Somerville, MA","7.3","438","1.2595778",493
"494","690 SOMERVILLE AVE, Somerville, Massachusetts","42.3860532, -71.1146663",1,"515 Somerville Ave, Somerville, MA","1.96666666666667","118","0.4958772",494
"495","7 ALLEN ST, Somerville, Massachusetts","42.3784331, -71.0933258",1,"515 Somerville Ave, Somerville, MA","4.45","267","0.758108",495
"496","7 BOLTON ST, Somerville, Massachusetts","42.3758048, -71.0978717",1,"515 Somerville Ave, Somerville, MA","6.01666666666667","361","1.1384048",496
"497","7 HATHORN ST, Somerville, Massachusetts","42.3867631, -71.0821361",1,"515 Somerville Ave, Somerville, MA","9.38333333333333","563","1.8747638",497
"498","7 MELVIN ST, Somerville, Massachusetts","42.3898296, -71.0897172",1,"515 Somerville Ave, Somerville, MA","7.63333333333333","458","1.3372528",498
"499","7 WASHINGTON ST, Somerville, Massachusetts","42.382388, -71.08145",1,"515 Somerville Ave, Somerville, MA","7.38333333333333","443","1.4056068",499
"500","70 BOSTON ST, Somerville, Massachusetts","42.382754, -71.093898",1,"515 Somerville Ave, Somerville, MA","4.03333333333333","242","0.8562892",500
"501","70 FLINT ST, Somerville, Massachusetts","42.3850315, -71.0892983",1,"515 Somerville Ave, Somerville, MA","7.11666666666667","427","1.3372528",501
"502","70 INNER BELT RD, Somerville, Massachusetts","42.3767025, -71.0797634",2,"515 Somerville Ave, Somerville, MA","8.73333333333333","524","1.7908748",502
"503","70 PERKINS ST, Somerville, Massachusetts","42.3837385, -71.0794338",2,"515 Somerville Ave, Somerville, MA","10.45","627","2.470065",503
"504","70 RIVER RD, Somerville, Massachusetts","42.3976521, -71.0931762",1,"515 Somerville Ave, Somerville, MA","9.01666666666667","541","1.7417842",504
"505","70 THIRD AVE, Somerville, Massachusetts","42.3774384, -71.0786336",1,"515 Somerville Ave, Somerville, MA","8.43333333333333","506","1.7374344",505
"506","70 UNION SQ, Somerville, Massachusetts","42.3799803, -71.095037",2,"515 Somerville Ave, Somerville, MA","5.21666666666667","313","0.8022274",506
"507","71 BEACON ST, Somerville, Massachusetts","42.3765334, -71.103989",2,"515 Somerville Ave, Somerville, MA","2.96666666666667","178","0.6033794",507
"508","71 MARION ST, Somerville, Massachusetts","42.3774205, -71.1020528",1,"515 Somerville Ave, Somerville, MA","3.1","186","0.6021366",508
"509","71 PROSPECT ST, Somerville, Massachusetts","42.3765251, -71.0961499",1,"515 Somerville Ave, Somerville, MA","4.08333333333333","245","0.7804784",509
"510","71 UNION SQ, Somerville, Massachusetts","42.3798496, -71.0949463",2,"515 Somerville Ave, Somerville, MA","4.75","285","0.7686718",510
"511","73 MERRIAM ST, Somerville, Massachusetts","42.3788823, -71.0918336",1,"515 Somerville Ave, Somerville, MA","4.63333333333333","278","0.845104",511
"512","73 PARTRIDGE AVE, Somerville, Massachusetts","42.395456, -71.1024102",1,"515 Somerville Ave, Somerville, MA","5.63333333333333","338","1.2440428",512
"513","74 PARK ST, Somerville, Massachusetts","42.3804841, -71.1082877",1,"515 Somerville Ave, Somerville, MA","1.25","75","0.239239",513
"514","74 WALNUT ST, Somerville, Massachusetts","42.3847498, -71.0945456",1,"515 Somerville Ave, Somerville, MA","4.06666666666667","244","0.8618818",514
"515","74 WASHINGTON ST, Somerville, Massachusetts","42.3816056, -71.0842308",7,"515 Somerville Ave, Somerville, MA","6.45","387","1.2440428",515
"516","75 MYRTLE ST, Somerville, Massachusetts","42.3846193, -71.0828061",2,"515 Somerville Ave, Somerville, MA","7.6","456","1.4832818",516
"517","75 MYSTIC AVE, Somerville, Massachusetts","42.3901218, -71.0795319",1,"515 Somerville Ave, Somerville, MA","10.5666666666667","634","2.5328264",517
"518","77 BARTLETT ST, Somerville, Massachusetts","42.394321, -71.101367",1,"515 Somerville Ave, Somerville, MA","5.88333333333333","353","1.2067588",518
"519","77 MIDDLESEX AVE, Somerville, Massachusetts","42.3936921, -71.0822227",2,"515 Somerville Ave, Somerville, MA","10.4","624","2.4029538",519
"520","78 MORELAND ST, Somerville, Massachusetts","42.3986753, -71.0966567",1,"515 Somerville Ave, Somerville, MA","6.38333333333333","383","1.360866",520
"521","8 BOLTON ST, Somerville, Massachusetts","42.375575, -71.097438",1,"515 Somerville Ave, Somerville, MA","4.85","291","0.8997872",521
"522","8 EVERGREEN AVE, Somerville, Massachusetts","42.3909878, -71.0947616",1,"515 Somerville Ave, Somerville, MA","6.41666666666667","385","1.1098204",522
"523","8 HOWE ST, Somerville, Massachusetts","42.3895976, -71.0953912",1,"515 Somerville Ave, Somerville, MA","7.36666666666667","442","1.27387",523
"524","8 MUNROE ST, Somerville, Massachusetts","42.380657, -71.09123",1,"515 Somerville Ave, Somerville, MA","4.86666666666667","292","0.876174",524
"525","8 WALDO AVE, Somerville, Massachusetts","42.3770012, -71.1035201",2,"515 Somerville Ave, Somerville, MA","2.68333333333333","161","0.5431036",525
"526","8:00 AM HANCOCK ST, Somerville, Massachusetts","42.3919109, -71.1156927",1,"515 Somerville Ave, Somerville, MA","3.83333333333333","230","0.9967256",526
"527","80 HIGHLAND AVE, Somerville, Massachusetts","42.3863166, -71.0975396",2,"515 Somerville Ave, Somerville, MA","2.9","174","0.6611696",527
"528","80 MARSHALL ST, Somerville, Massachusetts","42.3890148, -71.094989",1,"515 Somerville Ave, Somerville, MA","6.85","411","1.2322362",528
"529","80 WEBSTER AVE, Somerville, Massachusetts","42.3752034, -71.0947317",1,"515 Somerville Ave, Somerville, MA","4.41666666666667","265","0.8680958",529
"530","81 HIGHLAND AVE, Somerville, Massachusetts","42.3867617, -71.0974135",5,"515 Somerville Ave, Somerville, MA","3.83333333333333","230","0.7214454",530
"531","81 MT VERNON ST, Somerville, Massachusetts","42.3827076, -71.0816435",1,"515 Somerville Ave, Somerville, MA","9","540","1.8474222",531
"532","81 SUMMER ST, Somerville, Massachusetts","42.38487, -71.100768",1,"515 Somerville Ave, Somerville, MA","2.56666666666667","154","0.5132764",532
"533","83 BOSTON ST, Somerville, Massachusetts","42.383428, -71.094326",1,"515 Somerville Ave, Somerville, MA","3.88333333333333","233","0.8146554",533
"534","83 MARION ST, Somerville, Massachusetts","42.3774095, -71.1025634",1,"515 Somerville Ave, Somerville, MA","2.83333333333333","170","0.5741736",534
"535","84 LINE ST, Somerville, Massachusetts","42.3758516, -71.1046595",1,"515 Somerville Ave, Somerville, MA","3.33333333333333","200","0.668005",535
"536","84 MARSHALL ST, Somerville, Massachusetts","42.3887554, -71.0951168",1,"515 Somerville Ave, Somerville, MA","7","420","1.2539852",536
"537","84 WASHINGTON ST, Somerville, Massachusetts","42.3808898, -71.0843021",13,"515 Somerville Ave, Somerville, MA","7.1","426","1.348438",537
"538","85 BEACON ST, Somerville, Massachusetts","42.377076, -71.104506",1,"515 Somerville Ave, Somerville, MA","2.8","168","0.5573958",538
"539","86 JOY ST, Somerville, Massachusetts","42.3787758, -71.0866277",3,"515 Somerville Ave, Somerville, MA","6.26666666666667","376","1.1707176",539
"540","88 BEACON ST, Somerville, Massachusetts","42.3767348, -71.1048786",3,"515 Somerville Ave, Somerville, MA","2.81666666666667","169","0.562367",540
"541","88 BOSTON ST, Somerville, Massachusetts","42.3833063, -71.094938",1,"515 Somerville Ave, Somerville, MA","3.81666666666667","229","0.7916636",541
"542","88 HIGHLAND AVE, Somerville, Massachusetts","42.386463, -71.098305",1,"515 Somerville Ave, Somerville, MA","3.11666666666667","187","0.6636552",542
"543","88 PROPERZI WY, Somerville, Massachusetts","42.37995, -71.106869",1,"515 Somerville Ave, Somerville, MA","1.45","87","0.2721732",543
"544","88 PUTNAM RD, Somerville, Massachusetts","42.3983271, -71.0882073",1,"515 Somerville Ave, Somerville, MA","8.51666666666667","511","1.9381466",544
"545","9 ACADIA PK, Somerville, Massachusetts","42.3879099, -71.117199",1,"515 Somerville Ave, Somerville, MA","3.2","192","0.7276594",545
"546","9 AUTUMN ST, Somerville, Massachusetts","42.388693, -71.0875332",1,"515 Somerville Ave, Somerville, MA","7.26666666666667","436","1.5056522",546
"547","9 MEDFORD ST, Somerville, Massachusetts","42.3742447, -71.0868474",1,"515 Somerville Ave, Somerville, MA","6.88333333333333","413","1.3167466",547
"548","9 NEW WASHINGTON ST, Somerville, Massachusetts","42.380406, -71.086419",1,"515 Somerville Ave, Somerville, MA","6.21666666666667","373","1.1508328",548
"549","9 PLEASANT AVE, Somerville, Massachusetts","42.3844517, -71.0953488",1,"515 Somerville Ave, Somerville, MA","4.28333333333333","257","0.845104",549
"550","9 THORPE ST, Somerville, Massachusetts","42.3844709, -71.0939871",1,"515 Somerville Ave, Somerville, MA","4.6","276","0.9271288",550
"551","9 TUFTS ST, Somerville, Massachusetts","42.3814117, -71.0876672",1,"515 Somerville Ave, Somerville, MA","6.1","366","1.0961496",551
"552","9 UPLAND PK, Somerville, Massachusetts","42.3966818, -71.0998208",1,"515 Somerville Ave, Somerville, MA","6.13333333333333","368","1.2539852",552
"553","9-May SANBORN CT, Somerville, Massachusetts","42.3800459, -71.0945674",1,"515 Somerville Ave, Somerville, MA","5.06666666666667","304","0.7848282",553
"554","90 HIGHLAND AVE, Somerville, Massachusetts","42.3865481, -71.0984043",1,"515 Somerville Ave, Somerville, MA","3.28333333333333","197","0.6717334",554
"555","90 LOWELL ST, Somerville, Massachusetts","42.3874491, -71.1100173",1,"515 Somerville Ave, Somerville, MA","2.05","123","0.5418608",555
"556","90 RIVER RD, Somerville, Massachusetts","42.3977774, -71.093372",1,"515 Somerville Ave, Somerville, MA","9.11666666666667","547","1.7548336",556
"557","90 WASHINGTON ST, Somerville, Massachusetts","42.3810371, -71.0856346",1,"515 Somerville Ave, Somerville, MA","6.38333333333333","383","1.1732032",557
"558","92 HIGHLAND AVE, Somerville, Massachusetts","42.3866159, -71.0986241",1,"515 Somerville Ave, Somerville, MA","3.36666666666667","202","0.6841614",558
"559","94 BEACON ST, Somerville, Massachusetts","42.3769613, -71.1052425",3,"515 Somerville Ave, Somerville, MA","3.1","186","0.556153",559
"560","95 SHORE DR, Somerville, Massachusetts","42.3990677, -71.0869717",1,"515 Somerville Ave, Somerville, MA","8.71666666666667","523","1.9940726",560
"561","95 SUMMER ST, Somerville, Massachusetts","42.385006, -71.101517",1,"515 Somerville Ave, Somerville, MA","2.03333333333333","122","0.4573504",561
"562","98 PROSPECT ST, Somerville, Massachusetts","42.3753699, -71.096376",1,"515 Somerville Ave, Somerville, MA","4.31666666666667","259","0.8562892",562
"563","ACADIA PK and SOMERVILLE AVE, Somerville, Massachusetts","42.3878184, -71.1178014",1,"515 Somerville Ave, Somerville, MA","2.96666666666667","178","0.6984536",563
"564","ALEWIFE MBTA, Somerville, Massachusetts","42.3875968, -71.0994968",1,"515 Somerville Ave, Somerville, MA","4.01666666666667","241","0.7152314",564
"565","AVON ST and CENTRAL ST, Somerville, Massachusetts","42.3866175, -71.104696",1,"515 Somerville Ave, Somerville, MA","1.53333333333333","92","0.3069716",565
"566","AVON ST and SCHOOL ST, Somerville, Massachusetts","42.3849205, -71.1000325",1,"515 Somerville Ave, Somerville, MA","3.33333333333333","200","0.5723094",566
"567","BARTLETT ST and BROADWAY, Somerville, Massachusetts","42.3959878, -71.1003238",1,"515 Somerville Ave, Somerville, MA","4.98333333333333","299","1.0793718",567
"568","BEACON ST and BUCKINGHAM ST, Somerville, Massachusetts","42.3761242, -71.1037452",1,"515 Somerville Ave, Somerville, MA","3.08333333333333","185","0.6325852",568
"569","BEACON ST and CONCORD AVE, Somerville, Massachusetts","42.375107, -71.1025083",1,"515 Somerville Ave, Somerville, MA","3.48333333333333","209","0.727038",569
"570","BEACON ST and KENT ST, Somerville, Massachusetts","42.3819408, -71.110883",1,"515 Somerville Ave, Somerville, MA","1.75","105","0.4250376",570
"571","BEACON ST and PARK ST, Somerville, Massachusetts","42.38036, -71.108538",1,"515 Somerville Ave, Somerville, MA","1.33333333333333","80","0.2541526",571
"572","BEACON ST and WASHINGTON ST, Somerville, Massachusetts","42.3782892, -71.106382",3,"515 Somerville Ave, Somerville, MA","2.4","144","0.4461652",572
"573","BEECH ST and SOMERVILLE AVE, Somerville, Massachusetts","42.3835696, -71.1079791",1,"515 Somerville Ave, Somerville, MA","0.533333333333333","32","0.1112306",573
"574","BIGELOW ST and MUNROE ST, Somerville, Massachusetts","42.3822003, -71.0938994",1,"515 Somerville Ave, Somerville, MA","4.23333333333333","254","0.8494538",574
"575","BOW ST and WALNUT ST, Somerville, Massachusetts","42.3810447, -71.0972212",1,"515 Somerville Ave, Somerville, MA","2.91666666666667","175","0.5704452",575
"576","BOW ST and WESLEY PK, Somerville, Massachusetts","42.3816491, -71.0977567",1,"515 Somerville Ave, Somerville, MA","3.13333333333333","188","0.6207786",576
"577","BROADWAY and CENTRAL ST, Somerville, Massachusetts","42.395264, -71.0986355",1,"515 Somerville Ave, Somerville, MA","4.51666666666667","271","0.9799478",577
"578","BROADWAY and CROSS ST, Somerville, Massachusetts","42.3886405, -71.0859942",1,"515 Somerville Ave, Somerville, MA","7.81666666666667","469","1.6044548",578
"579","BROADWAY and DARTMOUTH ST, Somerville, Massachusetts","42.3935261, -71.0952881",1,"515 Somerville Ave, Somerville, MA","5.51666666666667","331","1.1893596",579
"580","BROADWAY and GRANT ST, Somerville, Massachusetts","42.3915907, -71.0917969",2,"515 Somerville Ave, Somerville, MA","7.08333333333333","425","1.4124422",580
"581","BROADWAY and MAIN ST, Somerville, Massachusetts","42.3947314, -71.0975984",1,"515 Somerville Ave, Somerville, MA","4.93333333333333","296","1.0445734",581
"582","BROADWAY and PENNSYLVANIA AVE, Somerville, Massachusetts","42.3870577, -71.0814047",1,"515 Somerville Ave, Somerville, MA","9.8","588","2.407925",582
"583","BROADWAY and SARGENT AVE, Somerville, Massachusetts","42.3916828, -71.0919251",1,"515 Somerville Ave, Somerville, MA","7.03333333333333","422","1.4031212",583
"584","BROADWAY and SCHOOL ST, Somerville, Massachusetts","42.3932298, -71.0944105",1,"515 Somerville Ave, Somerville, MA","6.83333333333333","410","1.3708084",584
"585","BROADWAY and TEMPLE ST, Somerville, Massachusetts","42.3925566, -71.0934064",1,"515 Somerville Ave, Somerville, MA","6.56666666666667","394","1.3061828",585
"586","CALVIN ST and WASHINGTON ST, Somerville, Massachusetts","42.3788385, -71.1040464",1,"515 Somerville Ave, Somerville, MA","1.71666666666667","103","0.400803",586
"587","CARLTON ST and SOMERVILLE AVE, Somerville, Massachusetts","42.3812478, -71.0998175",1,"515 Somerville Ave, Somerville, MA","1.53333333333333","92","0.3367988",587
"588","CEDAR ST and ELM ST, Somerville, Massachusetts","42.3879583, -71.115425",1,"515 Somerville Ave, Somerville, MA","2.63333333333333","158","0.6251284",588
"589","CEDAR ST and SUMMER ST, Somerville, Massachusetts","42.3904869, -71.1136266",1,"515 Somerville Ave, Somerville, MA","3.28333333333333","197","0.8488324",589
"590","CHARNWOOD RD and WILLOW AVE, Somerville, Massachusetts","42.3932322, -71.1174159",1,"515 Somerville Ave, Somerville, MA","4.41666666666667","265","1.1408904",590
"591","CHERRY ST and ELM ST, Somerville, Massachusetts","42.3892348, -71.1166126",1,"515 Somerville Ave, Somerville, MA","3.1","186","0.7320092",591
"592","CHURCH ST and SUMMER ST, Somerville, Massachusetts","42.3832593, -71.0993429",1,"515 Somerville Ave, Somerville, MA","2.2","132","0.4585932",592
"593","CONCORD AVE and WYATT ST, Somerville, Massachusetts","42.3760694, -71.1010932",1,"515 Somerville Ave, Somerville, MA","3.96666666666667","238","0.7817212",593
"594","DANE ST, Somerville, Massachusetts","42.3808559, -71.1043636",1,"515 Somerville Ave, Somerville, MA","1.11666666666667","67","0.2553954",594
"595","FITCHBURG ST and LINWOOD ST, Somerville, Massachusetts","42.3756169, -71.0853171",1,"515 Somerville Ave, Somerville, MA","6.36666666666667","382","1.1986806",595
"596","FRANKLIN ST and WASHINGTON ST, Somerville, Massachusetts","42.3813262, -71.0862305",1,"515 Somerville Ave, Somerville, MA","6.11666666666667","367","1.140269",596
"597","GRANITE ST and SOMERVILLE AVE, Somerville, Massachusetts","42.3824407, -71.1034094",1,"515 Somerville Ave, Somerville, MA","0.65","39","0.1354652",597
"598","GRANT ST and MYSTIC AVE, Somerville, Massachusetts","42.3945603, -71.0877601",1,"515 Somerville Ave, Somerville, MA","8.18333333333333","491","1.7281134",598
"599","HARDING ST and SOUTH ST, Somerville, Massachusetts","42.3743491, -71.0902116",1,"515 Somerville Ave, Somerville, MA","6.65","399","1.2943762",599
"600","HAWKINS ST and LAKE ST, Somerville, Massachusetts","42.3800284, -71.0981009",1,"515 Somerville Ave, Somerville, MA","3.08333333333333","185","0.5201118",600
"601","HAWKINS ST and SOMERVILLE AVE, Somerville, Massachusetts","42.3805046, -71.097742",1,"515 Somerville Ave, Somerville, MA","2.03333333333333","122","0.4548648",601
"602","HAWKINS ST and WASHINGTON ST, Somerville, Massachusetts","42.3794877, -71.0979887",1,"515 Somerville Ave, Somerville, MA","2.93333333333333","176","0.717717",602
"603","HAWTHORNE ST and WILLOW AVE, Somerville, Massachusetts","42.39359, -71.1171936",1,"515 Somerville Ave, Somerville, MA","4.55","273","1.168232",603
"604","HIGHLAND AVE and WALNUT ST, Somerville, Massachusetts","42.3851419, -71.0941672",1,"515 Somerville Ave, Somerville, MA","3.9","234","0.851318",604
"605","HOLLAND ST and GORHAM ST, Somerville, Massachusetts","42.3998502, -71.1252368",1,"515 Somerville Ave, Somerville, MA","7.98333333333333","479","1.8163522",605
"606","HOUGHTON ST and SPRINGFIELD ST, Somerville, Massachusetts","42.3751984, -71.1000285",1,"515 Somerville Ave, Somerville, MA","4.68333333333333","281","0.9842976",606
"607","HYDRANT SHOVELING, Somerville, Massachusetts","42.3875968, -71.0994968",3,"515 Somerville Ave, Somerville, MA","4.01666666666667","241","0.7152314",607
"608","HYDRANT TESTING, Somerville, Massachusetts","42.3875968, -71.0994968",3,"515 Somerville Ave, Somerville, MA","4.01666666666667","241","0.7152314",608
"609","INNER BELT RD and WASHINGTON ST, Somerville, Massachusetts","42.3820437, -71.0815211",1,"515 Somerville Ave, Somerville, MA","7.01666666666667","421","1.385722",609
"610","INNER BELT RD, Somerville, Massachusetts","42.3785924, -71.0809392",5,"515 Somerville Ave, Somerville, MA","7.55","453","1.5404506",610
"611","INNERBELT RD, Somerville, Massachusetts","42.3785924, -71.0809392",1,"515 Somerville Ave, Somerville, MA","7.55","453","1.5404506",611
"612","JAQUES ST and WHEATLAND ST, Somerville, Massachusetts","42.3924197, -71.0894076",2,"515 Somerville Ave, Somerville, MA","8.08333333333333","485","1.58457",612
"613","JOY ST and POPLAR ST, Somerville, Massachusetts","42.3778637, -71.0863493",1,"515 Somerville Ave, Somerville, MA","6.46666666666667","388","1.2378288",613
"614","JOY ST and WASHINGTON ST, Somerville, Massachusetts","42.3806671, -71.0885832",2,"515 Somerville Ave, Somerville, MA","5.75","345","1.0116392",614
"615","LAKE ST and HAWKINS ST, Somerville, Massachusetts","42.3800284, -71.0981009",1,"515 Somerville Ave, Somerville, MA","3.08333333333333","185","0.5201118",615
"616","LAUREL AVE and LAUREL ST, Somerville, Massachusetts","42.3839942, -71.1047294",1,"515 Somerville Ave, Somerville, MA","2.18333333333333","131","0.4623216",616
"617","LINCOLN PKWY, Somerville, Massachusetts","42.3778856, -71.0988874",1,"515 Somerville Ave, Somerville, MA","4.95","297","0.8680958",617
"618","LINE ST and WASHINGTON ST, Somerville, Massachusetts","42.3780914, -71.1072776",1,"515 Somerville Ave, Somerville, MA","2.63333333333333","158","0.494013",618
"619","LINWOOD ST and MCGRATH HWY, Somerville, Massachusetts","42.3793738, -71.0892739",1,"515 Somerville Ave, Somerville, MA","5.63333333333333","338","0.9836762",619
"620","LOMBARDI ST, Somerville, Massachusetts","42.3866409, -71.0783489",1,"515 Somerville Ave, Somerville, MA","9.21666666666667","553","2.255682",620
"621","MARION ST and WYATT ST, Somerville, Massachusetts","42.377301, -71.101126",1,"515 Somerville Ave, Somerville, MA","3.31666666666667","199","0.6481202",621
"622","MCGRATH HWY and MEDFORD ST, Somerville, Massachusetts","42.3772486, -71.0892219",2,"515 Somerville Ave, Somerville, MA","5.43333333333333","326","0.9581988",622
"623","MCGRATH HWY and MYSTIC AVE, Somerville, Massachusetts","42.3930777, -71.0858793",1,"515 Somerville Ave, Somerville, MA","9","540","1.7970888",623
"624","MCGRATH HWY and PROSPECT HILL AVE, Somerville, Massachusetts","42.381973, -71.0906137",1,"515 Somerville Ave, Somerville, MA","4.78333333333333","287","0.9147008",624
"625","MCGRATH HWY and WASHINGTON ST, Somerville, Massachusetts","42.3804355, -71.0893942",1,"515 Somerville Ave, Somerville, MA","5.38333333333333","323","0.9575774",625
"626","MCGRATH HWY, Somerville, Massachusetts","42.3820569, -71.0902338",2,"515 Somerville Ave, Somerville, MA","5.85","351","1.0787504",626
"627","MEDFORD ST and SYCAMORE ST, Somerville, Massachusetts","42.3913289, -71.0994049",1,"515 Somerville Ave, Somerville, MA","4.16666666666667","250","0.8631246",627
"628","MT VERNON ST and WASHINGTON ST, Somerville, Massachusetts","42.3819834, -71.0819398",1,"515 Somerville Ave, Somerville, MA","6.9","414","1.363973",628
"629","MYSTIC AVE and SHORE DR, Somerville, Massachusetts","42.3972256, -71.0913706",1,"515 Somerville Ave, Somerville, MA","7.61666666666667","457","1.730599",629
"630","MYSTIC AVE and TEMPLE ST, Somerville, Massachusetts","42.3955809, -71.0891458",3,"515 Somerville Ave, Somerville, MA","7.68333333333333","461","1.628068",630
"631","MYSTIC AVE and WHEATLAND ST, Somerville, Massachusetts","42.3940947, -71.0871373",1,"515 Somerville Ave, Somerville, MA","8.81666666666667","529","1.7486196",631
"632","NEW WASHINGTON ST and WASHINGTON ST, Somerville, Massachusetts","42.381241, -71.086308",1,"515 Somerville Ave, Somerville, MA","6.1","366","1.1346764",632
"633","NEWTON ST and WEBSTER AVE, Somerville, Massachusetts","42.3778737, -71.095842",1,"515 Somerville Ave, Somerville, MA","3.5","210","0.6760832",633
"634","PARK ST and SOMERVILLE AVE, Somerville, Massachusetts","42.3831974, -71.1063139",1,"515 Somerville Ave, Somerville, MA","0.116666666666667","7","0.0223704",634
"635","PERRY ST and WASHINGTON ST, Somerville, Massachusetts","42.3794158, -71.1014369",1,"515 Somerville Ave, Somerville, MA","2.36666666666667","142","0.5399966",635
"636","PITMAN ST and SPRING ST, Somerville, Massachusetts","42.3844565, -71.1091466",1,"515 Somerville Ave, Somerville, MA","1.8","108","0.21749",636
"637","PRESCOTT ST and SUMMER ST, Somerville, Massachusetts","42.3836825, -71.0997413",1,"515 Somerville Ave, Somerville, MA","1.91666666666667","115","0.4231734",637
"638","PROSPECT ST and SOMERVILLE AVE, Somerville, Massachusetts","42.3791063, -71.0941078",1,"515 Somerville Ave, Somerville, MA","3.7","222","0.677326",638
"639","PROSPECT ST and WEBSTER AVE, Somerville, Massachusetts","42.376968, -71.0955943",1,"515 Somerville Ave, Somerville, MA","3.86666666666667","232","0.7400874",639
"640","PROSPECT ST, Somerville, Massachusetts","42.3769126, -71.0956385",1,"515 Somerville Ave, Somerville, MA","3.96666666666667","238","0.7444372",640
"641","ROSSMORE ST and SOMERVILLE AVE, Somerville, Massachusetts","42.377982, -71.0910049",1,"515 Somerville Ave, Somerville, MA","4.5","270","0.8538036",641
"642","ROUTE 93 NORTH and EXIT 29, Somerville, Massachusetts","42.3875968, -71.0994968",1,"515 Somerville Ave, Somerville, MA","4.01666666666667","241","0.7152314",642
"643","ROUTE 93 SOUTH, Somerville, Massachusetts","42.3388871, -71.0636205",1,"515 Somerville Ave, Somerville, MA","17.8666666666667","1072","7.1231082",643
"644","SOMERVILLE AVE and GARDEN CT, Somerville, Massachusetts","42.3838107, -71.1090656",1,"515 Somerville Ave, Somerville, MA","0.716666666666667","43","0.1690208",644
"645","SOMERVILLE AVE and MEDFORD ST, Somerville, Massachusetts","42.3772486, -71.0892219",1,"515 Somerville Ave, Somerville, MA","5.43333333333333","326","0.9581988",645
"646","STONE AVE and UNION SQ, Somerville, Massachusetts","42.3796536, -71.0956018",1,"515 Somerville Ave, Somerville, MA","3.2","192","0.5921942",646
"647","SUMMER ST and PORTER ST, Somerville, Massachusetts","42.3891306, -71.1116791",1,"515 Somerville Ave, Somerville, MA","2.73333333333333","164","0.7121244",647
"648","SUMMER ST and SCHOOL ST, Somerville, Massachusetts","42.3843689, -71.1003999",1,"515 Somerville Ave, Somerville, MA","2.3","138","0.4610788",648
"649","SUMMER ST and VINAL AVE, Somerville, Massachusetts","42.3821972, -71.0983547",1,"515 Somerville Ave, Somerville, MA","2.48333333333333","149","0.5474534",649
"650","TAYLOR ST and SYDNEY ST, Somerville, Massachusetts","42.3944541, -71.089418",1,"515 Somerville Ave, Somerville, MA","7.66666666666667","460","1.637389",650
"651","TUFTS ST and WASHINGTON ST, Somerville, Massachusetts","42.3809863, -71.0875544",1,"515 Somerville Ave, Somerville, MA","5.93333333333333","356","1.0681866",651
"652","VINAL AVE and NEAR SUMMER ST, Somerville, Massachusetts","42.3821972, -71.0983547",1,"515 Somerville Ave, Somerville, MA","2.48333333333333","149","0.5474534",652
"653","VINAL AVE and SUMMIT AVE, Somerville, Massachusetts","42.3842948, -71.0971301",1,"515 Somerville Ave, Somerville, MA","3.75","225","0.8649888",653
"654","WARD ST, Somerville, Massachusetts","42.3749568, -71.0894424",1,"515 Somerville Ave, Somerville, MA","6.35","381","1.186874",654
"655","WASHINGTON ST and WASHINGTON AVE, Somerville, Massachusetts","42.3815763, -71.084567",1,"515 Somerville Ave, Somerville, MA","6.36666666666667","382","1.2266436",655
"656","WEBSTER AVE, Somerville, Massachusetts","42.3749337, -71.0949377",1,"515 Somerville Ave, Somerville, MA","4.46666666666667","268","0.8842522",656
"657",NA,"NA, NA",3,"515 Somerville Ave, Somerville, MA",NA,"","",657
